time(millisecond);datetime(utc);latitude;longitude;height_above_takeoff(feet);height_above_ground_at_drone_location(feet);ground_elevation_at_drone_location(feet);altitude_above_seaLevel(feet);height_sonar(feet);speed(mph);distance(feet);mileage(feet);satellites;gpslevel;voltage(v);max_altitude(feet);max_ascent(feet);max_speed(mph);max_distance(feet); xSpeed(mph); ySpeed(mph); zSpeed(mph); compass_heading(degrees); pitch(degrees); roll(degrees);isPhoto;isVideo;rc_elevator;rc_aileron;rc_throttle;rc_rudder;rc_elevator(percent);rc_aileron(percent);rc_throttle(percent);rc_rudder(percent);gimbal_heading(degrees);gimbal_pitch(degrees);gimbal_roll(degrees);battery_percent;voltageCell1;voltageCell2;voltageCell3;voltageCell4;voltageCell5;voltageCell6;current(A);battery_temperature(f);altitude(feet);ascent(feet);flycStateRaw;flycState;message
1863180;31/12/1969 16:00;0;0;0;Available with any HD 360 subscription;Available with any HD 360 subscription;52.480.852.729.256;0;0;0;0;0;0;0;52.480.852.729.256;0;0;0;0;0;0;0;0;0;0;0;1024;1024;1024;1024;0;0;0;0;0;0;0;55;;;;;;;0;32;52.480.852.729.256;0;0;;
1864050;31/12/1969 16:00;0;0;0;;;52.480.852.729.256;0;0;0;0;0;0;0;52.480.852.729.256;0;0;0;0;0;0;0;0;0;0;0;1024;1024;1024;1024;0;0;0;0;0;0;0;55;;;;;;;0;32;52.480.852.729.256;0;0;;
1864250;21/03/2025 08:45;-13.025.686;1.194.049.647;0;;;52.480.852.729.256;0;0.1342164;0;0;29;0;151.997;52.480.852.729.256;0;0.1342164;0;0;0;0;173.6; 1.7; -2.1;0;0;1024;1024;1024;1024;0;0;0;0;0;0;0;55;;;;;;;0;32;52.480.852.729.256;0;0;;[logger] Opened full log file: /fs/microsd/log/2025-03-21/08_14_43.ulg
1864480;21/03/2025 08:45;-13.025.685;1.194.049.646;-0.18205053076;;;52.298.802.198.496;0;0.4026492;0.051590880916;0.051590880916;29;0;151.997;52.480.852.729.256;0;0.4026492;0.051590880916;0;0;0;173.6; 1.7; -2.1;0;0;1024;1024;1024;1024;0;0;0;0;0;0;0;55;;;;;;;0;32;52.298.802.198.496;-0.18205053076;0;;
1864670;21/03/2025 08:45;-13.025.687;1.194.049.647;0.64150920688;;;53.122.361.936.136;0;0.0671082;0.036484909304;0.1331692956;29;0;151.997;53.122.361.936.136;0.64150920688;0.4026492;0.051590880916;0;0;0;173.6; 1.7; -2.1;0;0;1024;1024;1024;1024;0;0;0;0;0;0;0;55;;;;;;;0;32;53.122.361.936.136;0.64150920688;0;;
1864880;21/03/2025 08:45;-13.025.687;1.194.049.648;0.64150920688;;;53.122.361.936.136;0;0.111847;0.051590880916;0.169645018552;29;0;151.997;53.122.361.936.136;0.64150920688;0.4026492;0.051590880916;0;0;0;173.6; 1.7; -2.1;0;0;1024;1024;1024;1024;0;0;0;0;0;0;0;55;;;;;;;0;32;53.122.361.936.136;0.64150920688;0;;
1865070;21/03/2025 08:45;-13.025.687;1.194.049.648;0.64150920688;;;53.122.361.936.136;0;0.111847;0.051590880916;0.169645018552;29;0;151.997;53.122.361.936.136;0.64150920688;0.4026492;0.051590880916;0;0;0;173.5; 1.7; -2.1;0;0;1024;1024;1024;1024;0;0;0;0;0;0;0;55;;;;;;;0;32;53.122.361.936.136;0.64150920688;0;;
1865270;21/03/2025 08:45;-13.025.687;1.194.049.648;0.36409778068;;;52.844.950.509.936;0;0.0447388;0.051590880916;0.169645018552;29;0;150.183;53.122.361.936.136;0.64150920688;0.4026492;0.051590880916;0;0;0;173.5; 1.7; -2.2;0;0;1024;1024;1024;1024;0;0;0;0;0;0;0;54;;;;;;;0;32;52.844.950.509.936;0.36409778068;0;;
1865470;21/03/2025 08:45;-13.025.688;1.194.049.648;0.36409778068;;;52.844.950.509.936;0;0.0894776;0.081578742768;0.206129927856;29;0;150.183;53.122.361.936.136;0.64150920688;0.4026492;0.081578742768;0;0;0;173.5; 1.7; -2.2;0;0;1024;1024;1024;1024;0;0;0;0;0;0;0;54;;;;;;;0;32;52.844.950.509.936;0.36409778068;0;;
1865680;21/03/2025 08:45;-13.025.687;1.194.049.648;0.64150920688;;;53.122.361.936.136;0;0.1565858;0.051590880916;0.24261483716;29;0;150.183;53.122.361.936.136;0.64150920688;0.4026492;0.081578742768;0;0;0;173.5; 1.7; -2.3;0;0;1024;1024;1024;1024;0;0;0;0;0;0;0;54;;;;;;;0;32;53.122.361.936.136;0.64150920688;0;;
1865880;21/03/2025 08:45;-13.025.688;1.194.049.649;0.09536089544;;;52.576.213.624.696;0;0.0447388;0.103181761832;0.294205718076;29;0;150.183;53.122.361.936.136;0.64150920688;0.4026492;0.103181761832;0;0;0;173.5; 1.8; -2.3;0;0;1024;1024;1024;1024;0;0;0;0;0;0;0;54;;;;;;;0;32;52.576.213.624.696;0.09536089544;0;;
1866080;21/03/2025 08:45;-13.025.689;1.194.049.649;-0.99693900828;;;51.483.913.720.976;0;0.0671082;0.131537733868;0.33068898696;29;0;150.183;53.122.361.936.136;0.64150920688;0.4026492;0.131537733868;0;0;0;173.5; 1.8; -2.4;0;0;1024;1024;1024;1024;0;0;0;0;0;0;0;54;;;;;;;0;32;51.483.913.720.976;-0.99693900828;0;;
1866280;21/03/2025 08:45;-13.025.688;1.194.049.648;146.506.566.368;;;53.945.918.392.936;0;0.223694;0.081578742768;0.38228019596;29;0;150.583;53.945.918.392.936;146.506.566.368;0.4026492;0.131537733868;0;0;0;173.5; 1.8; -2.4;0;0;1024;1024;1024;1024;0;0;0;0;0;0;0;53;;;;;;;0;32;53.945.918.392.936;146.506.566.368;0;;
1866480;21/03/2025 08:45;-13.025.688;1.194.049.649;146.506.566.368;;;53.945.918.392.936;0;0.223694;0.103181761832;0.41875657508;29;0;150.583;53.945.918.392.936;146.506.566.368;0.4026492;0.131537733868;0;0;0;173.5; 1.8; -2.4;0;0;1024;1024;1024;1024;0;0;0;0;0;0;0;53;;;;;;;0;32;53.945.918.392.936;146.506.566.368;0;;
1866670;21/03/2025 08:45;-13.025.688;1.194.049.649;-0.18205053076;;;52.298.802.198.496;0;0.0223694;0.103181761832;0.41875657508;29;0;150.583;53.945.918.392.936;146.506.566.368;0.4026492;0.131537733868;0;0;0;173.5; 1.8; -2.5;0;0;1024;1024;1024;1024;0;0;0;0;0;0;0;53;;;;;;;0;32;52.298.802.198.496;-0.18205053076;0;;
1866880;21/03/2025 08:45;-13.025.688;1.194.049.649;118.765.751.832;;;53.668.510.247.576;0;0.1565858;0.103181761832;0.41875657508;29;0;150.583;53.945.918.392.936;146.506.566.368;0.4026492;0.131537733868;0;0;0;173.5; 1.8; -2.5;0;0;1024;1024;1024;1024;0;0;0;0;0;0;0;53;;;;;;;0;32;53.668.510.247.576;118.765.751.832;0;;
1867080;21/03/2025 08:45;-13.025.688;1.194.049.648;-0.45079397768;;;52.030.058.751.576;0;0.0447388;0.081578742768;0.4552329542;29;0;150.583;53.945.918.392.936;146.506.566.368;0.4026492;0.131537733868;0;0;0;173.4; 1.8; -2.5;0;0;1024;1024;1024;1024;0;0;0;0;0;0;0;53;;;;;;;0;32;52.030.058.751.576;-0.45079397768;0;;
1867280;21/03/2025 08:45;-13.025.688;1.194.049.649;118.765.751.832;;;53.668.510.247.576;0;0.111847;0.103181761832;0.49170933332;29;0;150.118;53.945.918.392.936;146.506.566.368;0.4026492;0.131537733868;0;0;0;173.4; 1.8; -2.6;0;0;1024;1024;1024;1024;0;0;0;0;0;0;0;53;;;;;;;0;32;53.668.510.247.576;118.765.751.832;0;;
1867480;21/03/2025 08:45;-13.025.689;1.194.049.649;0.36409778068;;;52.844.950.509.936;0;0.0447388;0.131537733868;0.52819227412;29;0;150.118;53.945.918.392.936;146.506.566.368;0.4026492;0.131537733868;0;0;0;173.4; 1.8; -2.6;0;0;1024;1024;1024;1024;0;0;0;0;0;0;0;53;;;;;;;0;32;52.844.950.509.936;0.36409778068;0;;
1867680;21/03/2025 08:45;-13.025.689;119.404.965;118.765.751.832;;;53.668.510.247.576;0;0.2684328;0.154772642748;0.56466865324;29;0;150.118;53.945.918.392.936;146.506.566.368;0.4026492;0.154772642748;0;0;0;173.4; 1.8; -2.6;0;0;1024;1024;1024;1024;0;0;0;0;0;0;0;53;;;;;;;0;32;53.668.510.247.576;118.765.751.832;0;;
1867880;21/03/2025 08:45;-13.025.688;1.194.049.649;118.765.751.832;;;53.668.510.247.576;0;0.1342164;0.103181761832;0.61625986224;29;0;150.118;53.945.918.392.936;146.506.566.368;0.4026492;0.154772642748;0;0;0;173.4; 1.9; -2.6;0;0;1024;1024;1024;1024;0;0;0;0;0;0;0;53;;;;;;;0;32;53.668.510.247.576;118.765.751.832;0;;
1868080;21/03/2025 08:45;-13.025.689;119.404.965;173.380.582.976;;;54.214.658.559.016;0;0.111847;0.154772642748;0.66785107124;28;0;150.118;54.214.658.559.016;173.380.582.976;0.4026492;0.154772642748;0;0;0;173.4; 1.8; -2.6;0;0;1024;1024;1024;1024;0;0;0;0;0;0;0;53;;;;;;;0;32;54.214.658.559.016;173.380.582.976;0;;
1868280;21/03/2025 08:45;-13.025.689;119.404.965;0.36409778068;;;52.844.950.509.936;0;0.0671082;0.154772642748;0.66785107124;29;0;146.826;54.214.658.559.016;173.380.582.976;0.4026492;0.154772642748;0;0;0;173.4; 1.9; -2.7;0;0;1024;1024;1024;1024;0;0;0;0;0;0;0;52;;;;;;;0;32;52.844.950.509.936;0.36409778068;0;;"[commander] Takeoff detected	"
1868480;21/03/2025 08:45;-1.302.569;119.404.965;0.91892063308;;;53.399.773.362.336;0;0.2013246;0.182407814236;0.70433401204;29;0;146.826;54.214.658.559.016;173.380.582.976;0.4026492;0.182407814236;0;0;0;173.3; 1.9; -2.7;0;0;1024;1024;1024;1024;0;0;0;0;0;0;0;52;;;;;;;0;32;53.399.773.362.336;0.91892063308;0;;
1868680;21/03/2025 08:45;-1.302.569;119.404.965;0.8235564568;;;53.304.409.186.056;0;0.111847;0.182407814236;0.70433401204;28;0;146.826;54.214.658.559.016;173.380.582.976;0.4026492;0.182407814236;0;0;0;173.3; 1.9; -2.6;0;0;1024;1024;1024;1024;0;0;0;0;0;0;0;52;;;;;;;0;32;53.304.409.186.056;0.8235564568;0;;
1868880;21/03/2025 08:45;-1.302.569;1.194.049.651;-264.405.520.272;;;49.836.797.526.536;0;0.1342164;0.20636319558;0.74081039116;28;0;146.826;54.214.658.559.016;173.380.582.976;0.4026492;0.20636319558;0;0;0;173.3; 1.9; -2.6;0;0;1024;1024;1024;1024;0;0;0;0;0;0;0;52;;;;;;;0;32;49.836.797.526.536;-264.405.520.272;0;;
1869080;21/03/2025 08:45;-1.302.569;1.194.049.651;283.477.043.192;;;55.315.623.161.176;0;0.1342164;0.20636319558;0.74081039116;28;0;146.826;55.315.623.161.176;283.477.043.192;0.4026492;0.20636319558;0;0;0;173.2; 1.9; -2.6;0;0;1024;1024;1024;1024;0;0;0;0;0;0;0;52;;;;;;;0;32;55.315.623.161.176;283.477.043.192;0;;
1869280;21/03/2025 08:45;-13.025.691;1.194.049.652;283.477.043.192;;;55.315.623.161.176;0;0.2460634;0.257954076496;0.79240160016;28;0;146.723;55.315.623.161.176;283.477.043.192;0.4026492;0.257954076496;0;0;0;173.2;2; -2.5;0;0;1024;1024;1024;1024;0;0;0;0;0;0;0;48;;;;;;;0;32;55.315.623.161.176;283.477.043.192;0;;
1869490;21/03/2025 08:45;-1.302.569;1.194.049.651;118.765.751.832;;;53.668.510.247.576;0;0.1565858;0.20636319558;0.84399280916;28;0;146.723;55.315.623.161.176;283.477.043.192;0.4026492;0.257954076496;0;0;0;173.1; 1.9; -2.4;0;0;1024;1024;1024;1024;0;0;0;0;0;0;0;48;;;;;;;0;32;53.668.510.247.576;118.765.751.832;0;;
1869680;21/03/2025 08:45;-13.025.692;1.194.049.651;36.496.720.328;;;56.130.524.762.056;0;0.1789552;0.26307579582;0.9169619716;28;0;146.723;56.130.524.762.056;36.496.720.328;0.4026492;0.26307579582;0;0;0;173; 1.9;-2;0;0;1024;1024;1024;1024;0;0;0;0;0;0;0;48;;;;;;;0;32;56.130.524.762.056;36.496.720.328;0;;
1869880;21/03/2025 08:45;-13.025.691;1.194.049.651;283.477.043.192;;;55.315.623.161.176;0;0.111847;0.23359416758;0.95344819324;28;0;146.723;56.130.524.762.056;36.496.720.328;0.4026492;0.26307579582;0;0;0;172.9; 1.9; -1.9;0;0;1024;1024;1024;1024;0;0;0;0;0;0;0;48;;;;;;;0;32;55.315.623.161.176;283.477.043.192;0;;
1870080;21/03/2025 08:45;-13.025.692;1.194.049.651;0.64150920688;;;53.122.361.936.136;0;0.0894776;0.26307579582;0.98993113404;29;0;146.723;56.130.524.762.056;36.496.720.328;0.4026492;0.26307579582;0;0;0;172.7; 1.9; -0.5;0;0;1024;1024;1024;1024;0;0;0;0;0;0;0;48;;;;;;;0;32;53.122.361.936.136;0.64150920688;0;;
1870280;21/03/2025 08:45;-13.025.692;1.194.049.651;255.736.228.656;;;55.038.215.015.816;0;0.111847;0.26307579582;0.98993113404;29;0;145.003;56.130.524.762.056;36.496.720.328;0.4026492;0.26307579582;0;0;0;172.3; 1.8; 1.3;0;0;1024;1024;1024;1024;0;0;0;0;0;0;0;41;;;;;;;0;32;55.038.215.015.816;255.736.228.656;0;;
1870480;21/03/2025 08:45;-13.025.693;119.404.965;255.736.228.656;;;55.038.215.015.816;0;0.223694;0.277849746424;104.152.234.304;29;0;145.003;56.130.524.762.056;36.496.720.328;0.4026492;0.277849746424;0;0;0;171; 1.5; 4.6;0;0;1024;1024;1024;1024;0;0;0;0;0;0;0;41;;;;;;;0;32;55.038.215.015.816;255.736.228.656;0;;
1870670;21/03/2025 08:45;-13.025.693;1.194.049.645;0.09536089544;;;52.576.213.624.696;0;0.559235;0.265609260468;12.239.009.578;29;0;145.003;56.130.524.762.056;36.496.720.328;0.559235;0.277849746424;0;0;0;170; 1.2; 5.4;0;0;1024;1024;1024;1024;0;0;0;0;0;0;0;41;;;;;;;0;32;52.576.213.624.696;0.09536089544;0;;
1870880;21/03/2025 08:45;-13.025.693;1.194.049.643;-291.279.208.796;;;49.568.060.641.296;0;0.3802798;0.29413222726;12.968.504.352;29;0;145.003;56.130.524.762.056;36.496.720.328;0.559235;0.29413222726;0;0;0;168.4; -2.6;-2;0;0;1024;1024;1024;1024;0;0;0;0;0;0;0;41;;;;;;;0;32;49.568.060.641.296;-291.279.208.796;0;;
1871080;21/03/2025 08:45;-13.025.694;1.194.049.643;146.506.566.368;;;53.945.918.392.936;0;0.2460634;0.326314314904;133.333.665.684;29;0;145.003;56.130.524.762.056;36.496.720.328;0.559235;0.326314314904;0;0;0;166.1; -4.7; -0.7;0;0;1024;1024;1024;1024;0;0;0;0;0;0;0;41;;;;;;;0;32;53.945.918.392.936;146.506.566.368;0;;
1871280;21/03/2025 08:45;-13.025.695;1.194.049.643;228.862.540.132;;;54.769.478.130.576;0;0.1789552;0.35932087764;136.982.287.848;29;0;142.027;56.130.524.762.056;36.496.720.328;0.559235;0.35932087764;0;0;0;165.2; -2.4; 0.9;0;0;1024;1024;1024;1024;0;0;0;0;0;0;0;35;;;;;;;0;32;54.769.478.130.576;228.862.540.132;0;;
1871480;21/03/2025 08:45;-13.025.697;1.194.049.643;-182.049.874.592;;;50.660.353.983.336;0;0.335541;0.42703085356;144.279.204.092;29;0;142.027;56.130.524.762.056;36.496.720.328;0.559235;0.42703085356;0;0;0;165.9; 0.6; -1.2;0;0;1024;1024;1024;1024;0;0;0;0;0;0;0;35;;;;;;;0;32;50.660.353.983.336;-182.049.874.592;0;;
1871670;21/03/2025 08:45;-13.025.701;1.194.049.641;3.103.510.598;;;55.584.363.327.256;0;0.671082;0.58941274852;160.594.821.412;29;0;142.027;56.130.524.762.056;36.496.720.328;0.671082;0.58941274852;0;0;0;168.3;1; -2.3;0;0;1024;1024;1024;1024;0;0;0;0;0;0;0;35;;;;;;;0;32;55.584.363.327.256;3.103.510.598;0;;
1871880;21/03/2025 08:45;-13.025.707;1.194.049.644;3.103.510.598;;;55.584.363.327.256;0;0.6487126;0.77395999852;185.068.575.476;29;0;142.027;56.130.524.762.056;36.496.720.328;0.671082;0.77395999852;0;0;0;170; 0.2; -1.4;0;0;1024;1024;1024;1024;0;0;0;0;0;0;0;35;;;;;;;0;32;55.584.363.327.256;3.103.510.598;0;;
1872080;21/03/2025 08:45;-13.025.713;1.194.049.644;47.506.235.116;;;57.231.476.240.856;0;0.671082;0.99115160652;206.959.324.208;29;0;142.027;57.231.476.240.856;47.506.235.116;0.671082;0.99115160652;0;0;0;170.4; -0.4;-1;0;0;1024;1024;1024;1024;0;0;0;0;0;0;0;35;;;;;;;0;32;57.231.476.240.856;47.506.235.116;0;;
1872280;21/03/2025 08:45;-13.025.717;1.194.049.644;94.059.058.128;;;61.886.758.542.056;0;0.6934514;113.631.565.316;22.155.348.478;29;0;141.357;61.886.758.542.056;94.059.058.128;0.6934514;113.631.565.316;0;0;0;170.4; -2.7; -0.6;0;0;1024;1024;1024;1024;0;0;0;0;0;0;0;31;;;;;;;0;32;61.886.758.542.056;94.059.058.128;0;;
1872480;21/03/2025 08:45;-13.025.725;1.194.049.643;-34.676.182.212;;;49.013.234.508.056;0;11.408.394;143.037.406.152;250.968.183.884;29;0;141.357;61.886.758.542.056;94.059.058.128;11.408.394;143.037.406.152;0;-0.223694;0;171.1; -5.5; -1.3;0;0;1024;1024;1024;1024;0;0;0;0;0;0;0;31;;;;;;;0;32;49.013.234.508.056;-34.676.182.212;0;;
1872680;21/03/2025 08:45;-13.025.738;1.194.049.641;0.91892063308;;;53.399.773.362.336;0;14.316.416;190.979.664.904;298.956.374.396;29;0;141.357;61.886.758.542.056;94.059.058.128;14.316.416;190.979.664.904;0;-0.223694;0;173; -5.4; -1.7;0;0;1024;1024;1024;1024;0;0;0;0;0;0;0;31;;;;;;;0;32;53.399.773.362.336;0.91892063308;0;;
1872880;21/03/2025 08:45;-13.025.746;1.194.049.641;55.655.185.508;;;58.046.371.280.056;0;15.882.274;220.000.991.292;32.814.305.512;29;0;141.357;61.886.758.542.056;94.059.058.128;15.882.274;220.000.991.292;0;-0.223694;0;174.9;-4; -1.4;0;0;1024;1024;1024;1024;0;0;0;0;0;0;0;31;;;;;;;0;32;58.046.371.280.056;55.655.185.508;0;;
1873080;21/03/2025 08:45;-13.025.767;119.404.964;58.429.135.728;;;58.323.766.302.056;0;22.145.706;2.966.289.465;40.484.909.432;29;0;141.357;61.886.758.542.056;94.059.058.128;22.145.706;2.966.289.465;0;-0.223694;0;175.8; -2.8; -1.8;0;0;1024;1024;1024;1024;0;0;0;0;0;0;0;31;;;;;;;0;32;58.323.766.302.056;58.429.135.728;0;;
1873280;21/03/2025 08:45;-13.025.778;119.404.964;58.429.135.728;;;58.323.766.302.056;0;22.593.094;3.366.305.882;44.498.361.004;29;0;142.203;61.886.758.542.056;94.059.058.128;22.593.094;3.366.305.882;0;-0.223694;0;175.9; -2.4; -2.2;0;0;1024;1024;1024;1024;0;0;0;0;0;0;0;32;;;;;;;0;32;58.323.766.302.056;58.429.135.728;0;;
1873480;21/03/2025 08:45;-13.025.803;119.404.964;0.09536089544;;;52.576.213.624.696;0;25.277.422;42.763.780.896;53.619.424.288;29;0;142.203;61.886.758.542.056;94.059.058.128;25.277.422;42.763.780.896;0;-0.223694;0;175.6; -1.1; -2.3;0;0;1024;1024;1024;1024;0;0;0;0;0;0;0;32;;;;;;;0;32;52.576.213.624.696;0.09536089544;0;;
1873680;21/03/2025 08:45;-13.025.828;1.194.049.639;0.09536089544;;;52.576.213.624.696;0;2.460.634;51.890.749.692;62.748.033.504;29;0;142.203;61.886.758.542.056;94.059.058.128;25.277.422;51.890.749.692;0;-0.223694;0;175.3; -0.4; -2.4;0;0;1024;1024;1024;1024;0;0;0;0;0;0;0;32;;;;;;;0;32;52.576.213.624.696;0.09536089544;0;;
1873880;21/03/2025 08:45;-13.025.842;1.194.049.639;-0.45079397768;;;52.030.058.751.576;0;2.908.022;56.991.143.556;678.559.733;29;0;142.203;61.886.758.542.056;94.059.058.128;2.908.022;56.991.143.556;0;-0.223694;0;174.4; 0.2; -2.3;0;0;1024;1024;1024;1024;0;0;0;0;0;0;0;32;;;;;;;0;32;52.030.058.751.576;-0.45079397768;0;;
1874080;21/03/2025 08:45;-13.025.869;1.194.049.639;44.732.284.896;;;56.954.081.218.856;0;24.830.034;66.831.038.884;77.707.023.484;29;0;142.203;61.886.758.542.056;94.059.058.128;2.908.022;66.831.038.884;0;-0.223694;0;173;1; -2.5;0;0;1024;1024;1024;1024;0;0;0;0;0;0;0;32;;;;;;;0;32;56.954.081.218.856;44.732.284.896;0;;
1874280;21/03/2025 08:45;-13.025.882;119.404.964;47.506.235.116;;;57.231.476.240.856;0;25.948.504;71.556.104.652;824.639.134;29;0;141.162;61.886.758.542.056;94.059.058.128;2.908.022;71.556.104.652;0;-0.223694;0;171.7; 1.9; -2.5;0;0;1024;1024;1024;1024;0;0;0;0;0;0;0;30;;;;;;;0;32;57.231.476.240.856;47.506.235.116;0;;
1874480;21/03/2025 08:45;-13.025.906;1.194.049.641;0.09536089544;;;52.576.213.624.696;0;22.816.788;80.296.590.496;91.228.021.292;29;0;141.162;61.886.758.542.056;94.059.058.128;2.908.022;80.296.590.496;0;-0.223694;0;170.7; 1.8; -2.5;0;0;1024;1024;1024;1024;0;0;0;0;0;0;0;30;;;;;;;0;32;52.576.213.624.696;0.09536089544;0;;
1874670;21/03/2025 08:45;-13.025.929;1.194.049.643;0.09536089544;;;52.576.213.624.696;0;223.694;88.670.278.428;99.651.249.908;29;0;141.162;61.886.758.542.056;94.059.058.128;2.908.022;88.670.278.428;0;-0.223694;0;169.8; 0.7; -3.2;0;0;1024;1024;1024;1024;0;0;0;0;0;0;0;30;;;;;;;0;32;52.576.213.624.696;0.09536089544;0;;
1874880;21/03/2025 08:45;-13.025.939;1.194.049.646;72.126.314.644;;;59.693.484.193.656;0;21.922.012;92.307.745.736;103.460.305.148;29;0;141.162;61.886.758.542.056;94.059.058.128;2.908.022;92.307.745.736;0;-0.223694;0;168.7; 0.1; -3.3;0;0;1024;1024;1024;1024;0;0;0;0;0;0;0;30;;;;;;;0;32;59.693.484.193.656;72.126.314.644;0;;
1875080;21/03/2025 08:45;-13.025.959;1.194.049.649;80.361.879.212;;;60.517.040.650.456;0;21.474.624;99.606.630.484;110.838.586.224;29;0;141.162;61.886.758.542.056;94.059.058.128;2.908.022;99.606.630.484;0;-0.223694;0;168.3; 0.3; -2.8;0;0;1024;1024;1024;1024;0;0;0;0;0;0;0;30;;;;;;;0;32;60.517.040.650.456;80.361.879.212;0;;
1875280;21/03/2025 08:45;-1.302.597;1.194.049.651;74.900.264.864;;;59.970.879.215.656;0;223.694;103.627.627.988;11.491.798.268;29;0;142.082;61.886.758.542.056;94.059.058.128;2.908.022;103.627.627.988;0;-0.223694;0;168.7; 0.4; -2.5;0;0;1024;1024;1024;1024;0;0;0;0;0;0;0;30;;;;;;;0;32;59.970.879.215.656;74.900.264.864;0;;
1875490;21/03/2025 08:45;-1.302.599;1.194.049.656;52.967.849.464;;;57.777.637.675.656;0;2.125.093;11.096.293.006;12.243.930.838;29;0;142.082;61.886.758.542.056;94.059.058.128;2.908.022;11.096.293.006;0;-0.223694;0;171.5; 0.5;-2;0;0;1024;1024;1024;1024;0;0;0;0;0;0;0;30;;;;;;;0;32;57.777.637.675.656;52.967.849.464;0;;
1875680;21/03/2025 08:46;-1.302.601;1.194.049.659;58.429.135.728;;;58.323.766.302.056;0;18.342.908;11.829.232.662;12.981.791.754;29;0;142.082;61.886.758.542.056;94.059.058.128;2.908.022;11.829.232.662;0;-0.223694;0;174.7; 0.3; -1.5;0;0;1024;1024;1024;1024;0;0;0;0;0;0;0;30;;;;;;;0;32;58.323.766.302.056;58.429.135.728;0;;
1875880;21/03/2025 08:46;-13.026.021;1.194.049.662;58.429.135.728;;;58.323.766.302.056;0;2.348.787;122.347.116.776;133.977.694.576;28;0;142.082;61.886.758.542.056;94.059.058.128;2.908.022;122.347.116.776;0;-0.223694;0;178.2; -0.2; -0.5;0;0;1024;1024;1024;1024;0;0;0;0;0;0;0;30;;;;;;;0;32;58.323.766.302.056;58.429.135.728;0;;
1876080;21/03/2025 08:46;-13.026.041;1.194.049.666;72.126.314.644;;;59.693.484.193.656;0;2.125.093;129.706.697.064;141.419.295.864;28;0;142.082;61.886.758.542.056;94.059.058.128;2.908.022;129.706.697.064;0;-0.223694;0;181.5; -0.9; -0.2;0;0;1024;1024;1024;1024;0;0;0;0;0;0;0;30;;;;;;;0;32;59.693.484.193.656;72.126.314.644;0;;
1876280;21/03/2025 08:46;-1.302.605;1.194.049.667;118.765.751.832;;;53.668.510.247.576;0;19.237.684;1.330.052.536;144.723.101.744;28;0;140.046;61.886.758.542.056;94.059.058.128;2.908.022;1.330.052.536;0;-0.223694;0;184.2; -0.8; -0.2;0;0;1024;1024;1024;1024;0;0;0;0;0;0;0;29;;;;;;;0;32;53.668.510.247.576;118.765.751.832;0;;
1876480;21/03/2025 08:46;-13.026.069;119.404.967;118.765.751.832;;;53.668.510.247.576;0;1.789.552;139.988.849.624;151.740.818.504;28;0;140.046;61.886.758.542.056;94.059.058.128;2.908.022;139.988.849.624;0;-0.223694;0;185.9; -1.2;0;0;0;1024;1024;1024;1024;0;0;0;0;0;0;0;29;;;;;;;0;32;53.668.510.247.576;118.765.751.832;0;;
1876670;21/03/2025 08:46;-1.302.609;1.194.049.669;72.126.314.644;;;59.693.484.193.656;0;19.685.072;147.617.458.792;159.411.422.424;28;0;140.046;61.886.758.542.056;94.059.058.128;2.908.022;147.617.458.792;0;-0.223694;0;187.4; -1.2;0;0;0;1024;1024;1024;1024;0;0;0;0;0;0;0;29;;;;;;;0;32;59.693.484.193.656;72.126.314.644;0;;
1876880;21/03/2025 08:46;-13.026.099;1.194.049.666;61.203.414.032;;;58.601.194.132.456;0;2.013.246;150.842.196.428;162.872.708.624;28;0;140.046;61.886.758.542.056;94.059.058.128;2.908.022;150.842.196.428;0;-0.223694;0;188.7; -0.7; -0.3;0;0;1024;1024;1024;1024;0;0;0;0;0;0;0;29;;;;;;;0;32;58.601.194.132.456;61.203.414.032;0;;
1877070;21/03/2025 08:46;-1.302.612;1.194.049.665;283.477.043.192;;;55.315.623.161.176;0;23.040.482;158.480.648.116;170.543.312.544;28;0;140.046;61.886.758.542.056;94.059.058.128;2.908.022;158.480.648.116;0;-0.223694;0;189.3;0;-1;0;0;1024;1024;1024;1024;0;0;0;0;0;0;0;29;;;;;;;0;32;55.315.623.161.176;283.477.043.192;0;;
1877280;21/03/2025 08:46;-13.026.131;1.194.049.664;283.477.043.192;;;55.315.623.161.176;0;2.125.093;162.476.383.152;174.573.168.316;28;0;140.845;61.886.758.542.056;94.059.058.128;2.908.022;162.476.383.152;0;-0.223694;0;189.8; 0.6; -1.1;0;0;1024;1024;1024;1024;0;0;0;0;0;0;0;28;;;;;;;0;32;55.315.623.161.176;283.477.043.192;0;;
1877480;21/03/2025 08:46;-13.026.151;119.404.966;55.655.185.508;;;58.046.371.280.056;0;21.027.236;16.972.113.404;18.201.444.152;28;0;140.845;61.886.758.542.056;94.059.058.128;2.908.022;16.972.113.404;0;-0.223694;0;189.9; 0.5; -1.5;0;0;1024;1024;1024;1024;0;0;0;0;0;0;0;28;;;;;;;0;32;58.046.371.280.056;55.655.185.508;0;;
1877670;21/03/2025 08:46;-13.026.172;1.194.049.657;-182.049.874.592;;;50.660.353.983.336;0;20.579.848;177.354.336.384;18.975.394.308;29;0;140.845;61.886.758.542.056;94.059.058.128;2.908.022;177.354.336.384;0;-0.223694;0;190.1; 1.1; -1.7;0;0;1024;1024;1024;1024;0;0;0;0;0;0;0;28;;;;;;;0;32;50.660.353.983.336;-182.049.874.592;0;;
1877880;21/03/2025 08:46;-13.026.181;1.194.049.654;44.732.284.896;;;56.954.081.218.856;0;19.461.378;1.806.184.441;19.321.522.928;29;0;140.845;61.886.758.542.056;94.059.058.128;2.908.022;1.806.184.441;0;-0.223694;0;190; 0.1; -1.6;0;0;1024;1024;1024;1024;0;0;0;0;0;0;0;28;;;;;;;0;32;56.954.081.218.856;44.732.284.896;0;;
1878080;21/03/2025 08:46;-13.026.198;119.404.965;36.496.720.328;;;56.130.524.762.056;0;15.882.274;18.680.610.834;199.586.948.644;29;0;140.845;61.886.758.542.056;94.059.058.128;2.908.022;18.680.610.834;0;-0.223694;0;188.8; -1.1; -1.8;0;0;1024;1024;1024;1024;0;0;0;0;0;0;0;28;;;;;;;0;32;56.130.524.762.056;36.496.720.328;0;;
1878280;21/03/2025 08:46;-13.026.207;1.194.049.648;58.429.135.728;;;58.323.766.302.056;0;17.448.132;19.008.694.834;202.950.793.896;29;0;140.864;61.886.758.542.056;94.059.058.128;2.908.022;19.008.694.834;0;-0.223694;0;186.1; -1.1; -2.1;0;0;1024;1024;1024;1024;0;0;0;0;0;0;0;28;;;;;;;0;32;58.323.766.302.056;58.429.135.728;0;;
1878480;21/03/2025 08:46;-13.026.225;1.194.049.646;52.967.849.464;;;57.777.637.675.656;0;18.566.602;196.654.205.768;209.558.405.656;29;0;140.864;61.886.758.542.056;94.059.058.128;2.908.022;196.654.205.768;0;-0.223694;0;183.7; -0.1; -2.7;0;0;1024;1024;1024;1024;0;0;0;0;0;0;0;28;;;;;;;0;32;57.777.637.675.656;52.967.849.464;0;;
1878670;21/03/2025 08:46;-13.026.242;1.194.049.643;52.967.849.464;;;57.777.637.675.656;0;17.224.438;202.861.555.048;215.856.634.204;29;0;140.864;61.886.758.542.056;94.059.058.128;2.908.022;202.861.555.048;0;-0.223694;0;180.4; -1.2; -3.3;0;0;1024;1024;1024;1024;0;0;0;0;0;0;0;28;;;;;;;0;32;57.777.637.675.656;52.967.849.464;0;;
1878880;21/03/2025 08:46;-13.026.251;1.194.049.641;118.765.751.832;;;53.668.510.247.576;0;17.671.826;2.061.515.814;219.220.151.372;29;0;140.864;61.886.758.542.056;94.059.058.128;2.908.022;2.061.515.814;0;-0.223694;0;177.2; -3.8; -3.2;0;0;1024;1024;1024;1024;0;0;0;0;0;0;0;28;;;;;;;0;32;53.668.510.247.576;118.765.751.832;0;;
1879080;21/03/2025 08:46;-13.026.271;1.194.049.643;173.380.582.976;;;54.214.658.559.016;0;23.935.258;213.441.935.964;226.553.813.024;29;0;140.864;61.886.758.542.056;94.059.058.128;2.908.022;213.441.935.964;0;-0.223694;0;174.1; -6.3; -2.8;0;0;1024;1024;1024;1024;0;0;0;0;0;0;0;28;;;;;;;0;32;54.214.658.559.016;173.380.582.976;0;;
1879280;21/03/2025 08:46;-13.026.282;1.194.049.642;47.506.235.116;;;57.231.476.240.856;0;20.579.848;217.458.012.208;230.583.668.796;29;0;141.069;61.886.758.542.056;94.059.058.128;2.908.022;217.458.012.208;0;-0.223694;0;171.3; -5.9; -2.9;0;0;1024;1024;1024;1024;0;0;0;0;0;0;0;28;;;;;;;0;32;57.231.476.240.856;47.506.235.116;0;;
1879480;21/03/2025 08:46;-13.026.307;1.194.049.644;74.900.264.864;;;59.970.879.215.656;0;28.185.444;226.574.154.232;239.733.931.556;29;0;141.069;61.886.758.542.056;94.059.058.128;2.908.022;226.574.154.232;0;-0.223694;0;169.1; -3.3; -3.4;0;0;1024;1024;1024;1024;0;0;0;0;0;0;0;28;;;;;;;0;32;59.970.879.215.656;74.900.264.864;0;;
1879680;21/03/2025 08:46;-13.026.334;1.194.049.645;39.270.670.548;;;56.407.919.784.056;0;28.856.526;236.423.563.996;24.959.154.342;29;0;141.069;61.886.758.542.056;94.059.058.128;2.908.022;236.423.563.996;0;-0.223694;0;167.6; -2.5; -3.3;0;0;1024;1024;1024;1024;0;0;0;0;0;0;0;28;;;;;;;0;32;56.407.919.784.056;39.270.670.548;0;;
1879880;21/03/2025 08:46;-13.026.349;1.194.049.648;39.270.670.548;;;56.407.919.784.056;0;29.751.302;241.895.348.948;255.172.580.344;29;0;141.069;61.886.758.542.056;94.059.058.128;29.751.302;241.895.348.948;0;-0.223694;0;165.9; -2.1; -3.2;0;0;1024;1024;1024;1024;0;0;0;0;0;0;0;28;;;;;;;0;32;56.407.919.784.056;39.270.670.548;0;;
1880080;21/03/2025 08:46;-13.026.379;1.194.049.653;63.890.750.076;;;58.869.927.736.856;0;29.303.914;252.850.073.708;266.269.037.392;29;0;141.069;61.886.758.542.056;94.059.058.128;29.751.302;252.850.073.708;0;-0.223694;0;164.6; -2.3; -3.2;0;0;1024;1024;1024;1024;0;0;0;0;0;0;0;28;;;;;;;0;32;58.869.927.736.856;63.890.750.076;0;;
1880280;21/03/2025 08:46;-13.026.395;1.194.049.651;5.019.357.116;;;57.500.209.845.256;0;31.764.548;258.682.422.976;272.151.911.596;29;0;142.445;61.886.758.542.056;94.059.058.128;31.764.548;258.682.422.976;0;-0.223694;0;163.6; -1.6; -3.1;0;0;1024;1024;1024;1024;0;0;0;0;0;0;0;28;;;;;;;0;32;57.500.209.845.256;5.019.357.116;0;;
1880480;21/03/2025 08:46;-13.026.425;1.194.049.657;63.890.750.076;;;58.869.927.736.856;0;29.751.302;269.648.302.592;283.314.313.528;29;0;142.445;61.886.758.542.056;94.059.058.128;31.764.548;269.648.302.592;0;-0.223694;0;162.6; 0.2; -3.1;0;0;1024;1024;1024;1024;0;0;0;0;0;0;0;28;;;;;;;0;32;58.869.927.736.856;63.890.750.076;0;;
1880680;21/03/2025 08:46;-13.026.457;1.194.049.664;58.429.135.728;;;58.323.766.302.056;0;3.019.869;281.367.134.988;295.265.429.396;29;0;142.445;61.886.758.542.056;94.059.058.128;31.764.548;281.367.134.988;0;-0.223694;0;162.1; 0.4; -2.9;0;0;1024;1024;1024;1024;0;0;0;0;0;0;0;28;;;;;;;0;32;58.323.766.302.056;58.429.135.728;0;;
1880880;21/03/2025 08:46;-13.026.473;1.194.049.671;91.284.779.824;;;61.609.330.711.656;0;34.001.488;287.270.022.316;301.636.820.676;29;0;142.445;61.886.758.542.056;94.059.058.128;34.001.488;287.270.022.316;0.223694;-0.223694;0;162.1; 0.8; -2.3;0;0;1024;1024;1024;1024;0;0;0;0;0;0;0;28;;;;;;;0;32;61.609.330.711.656;91.284.779.824;0;;
1881070;21/03/2025 08:46;-13.026.501;1.194.049.676;173.380.582.976;;;54.214.658.559.016;0;28.185.444;297.540.363.852;312.014.117.596;29;0;142.445;61.886.758.542.056;94.059.058.128;34.001.488;297.540.363.852;0;-0.223694;0;163.5; 0.7; -2.1;0;0;1024;1024;1024;1024;0;0;0;0;0;0;0;28;;;;;;;0;32;54.214.658.559.016;173.380.582.976;0;;
1881270;21/03/2025 08:46;-13.026.515;1.194.049.679;173.380.582.976;;;54.214.658.559.016;0;28.856.526;30.268.537.714;317.237.871.044;29;0;14.264;61.886.758.542.056;94.059.058.128;34.001.488;30.268.537.714;0;-0.223694;0;165.9;0; -2.1;0;0;1024;1024;1024;1024;0;0;0;0;0;0;0;28;;;;;;;0;32;54.214.658.559.016;173.380.582.976;0;;
1881480;21/03/2025 08:46;-13.026.542;1.194.049.688;36.496.720.328;;;56.130.524.762.056;0;29.527.608;31.266.897.326;32.762.140.156;29;0;14.264;61.886.758.542.056;94.059.058.128;34.001.488;31.266.897.326;0;-0.223694;0;168.3; 0.1; -1.6;0;0;1024;1024;1024;1024;0;0;0;0;0;0;0;28;;;;;;;0;32;56.130.524.762.056;36.496.720.328;0;;
1881670;21/03/2025 08:46;-13.026.565;119.404.969;80.361.879.212;;;60.517.040.650.456;0;23.711.564;32.108.596.828;33.604.331.784;29;0;14.264;61.886.758.542.056;94.059.058.128;34.001.488;32.108.596.828;0;-0.223694;0;169.7; -0.3;-1;0;0;1024;1024;1024;1024;0;0;0;0;0;0;0;28;;;;;;;0;32;60.517.040.650.456;80.361.879.212;0;;
1881880;21/03/2025 08:46;-13.026.578;1.194.049.692;228.862.540.132;;;54.769.478.130.576;0;25.501.116;325.859.262.396;34.084.318.676;29;0;14.264;61.886.758.542.056;94.059.058.128;34.001.488;325.859.262.396;0;-0.223694;0;170.2; -0.7; -1.3;0;0;1024;1024;1024;1024;0;0;0;0;0;0;0;28;;;;;;;0;32;54.769.478.130.576;228.862.540.132;0;;
1882080;21/03/2025 08:46;-13.026.602;1.194.049.694;55.655.185.508;;;58.046.371.280.056;0;223.694;33.464.239.916;34.962.927.628;29;0;14.264;61.886.758.542.056;94.059.058.128;34.001.488;33.464.239.916;0;-0.223694;0;170.1; 0.6; -1.8;0;0;1024;1024;1024;1024;0;0;0;0;0;0;0;28;;;;;;;0;32;58.046.371.280.056;55.655.185.508;0;;
1882280;21/03/2025 08:46;-13.026.612;1.194.049.696;39.270.670.548;;;56.407.919.784.056;0;21.698.318;33.832.350.164;35.334.974.884;29;0;142.008;61.886.758.542.056;94.059.058.128;34.001.488;33.832.350.164;0;-0.223694;0;169.6; 1.9; -2.3;0;0;1024;1024;1024;1024;0;0;0;0;0;0;0;28;;;;;;;0;32;56.407.919.784.056;39.270.670.548;0;;
1882480;21/03/2025 08:46;-1.302.663;1.194.049.699;39.270.670.548;;;56.407.919.784.056;0;1.342.164;34.494.095.592;36.000.985.404;29;0;142.008;61.886.758.542.056;94.059.058.128;34.001.488;34.494.095.592;0;-0.223694;0.223694;169; 4.8; -2.4;0;0;1024;1024;1024;1024;0;0;0;0;0;0;0;28;;;;;;;0;32;56.407.919.784.056;39.270.670.548;0;;
1882670;21/03/2025 08:46;-13.026.646;1.194.049.699;47.506.235.116;;;57.231.476.240.856;0;12.526.864;35.076.772.776;3.658.464.684;29;0;142.008;61.886.758.542.056;94.059.058.128;34.001.488;35.076.772.776;0;-0.223694;0;168.3; 8.4; -2.5;0;0;1024;1024;1024;1024;0;0;0;0;0;0;0;28;;;;;;;0;32;57.231.476.240.856;47.506.235.116;0;;
1882870;21/03/2025 08:46;-13.026.653;1.194.049.701;338.090.562;;;55.861.758.349.256;0;14.316.416;35.335.959.136;3.685.039.488;29;0;142.008;61.886.758.542.056;94.059.058.128;34.001.488;35.335.959.136;0;-0.223694;0;167.6; 8.1; -2.7;0;0;1024;1024;1024;1024;0;0;0;0;0;0;0;28;;;;;;;0;32;55.861.758.349.256;338.090.562;0;;
1883080;21/03/2025 08:46;-13.026.659;1.194.049.702;55.655.185.508;;;58.046.371.280.056;0;0.3802798;35.556.431.584;37.072.179.664;29;0;142.008;61.886.758.542.056;94.059.058.128;34.001.488;35.556.431.584;0;0;0;167; 4.7; -2.6;0;0;1024;1024;1024;1024;0;0;0;0;0;0;0;28;;;;;;;0;32;58.046.371.280.056;55.655.185.508;0;;
1883280;21/03/2025 08:46;-1.302.666;1.194.049.703;36.496.720.328;;;56.130.524.762.056;0;0.3579104;35.595.145.496;37.123.688.852;29;0;139.739;61.886.758.542.056;94.059.058.128;34.001.488;35.595.145.496;0;0;0;167.2; 2.2; -2.3;0;0;1024;1024;1024;1024;0;0;0;0;0;0;0;27;;;;;;;0;32;56.130.524.762.056;36.496.720.328;0;;
1883480;21/03/2025 08:46;-13.026.659;1.194.049.703;36.496.720.328;;;56.130.524.762.056;0;0.2013246;35.558.728.172;37.160.106.176;29;0;139.739;61.886.758.542.056;94.059.058.128;34.001.488;35.595.145.496;0;0;0;168.4; 0.3;-2;0;0;1024;1024;1024;1024;0;0;0;0;0;0;0;27;;;;;;;0;32;56.130.524.762.056;36.496.720.328;0;;
1883670;21/03/2025 08:46;-13.026.659;1.194.049.706;36.496.720.328;;;56.130.524.762.056;0;0.1789552;35.564.961.768;37.269.686.232;29;0;139.739;61.886.758.542.056;94.059.058.128;34.001.488;35.595.145.496;0;0;0;171.6; -0.4; -1.6;0;0;1024;1024;1024;1024;0;0;0;0;0;0;0;27;;;;;;;0;32;56.130.524.762.056;36.496.720.328;0;;
1883880;21/03/2025 08:46;-13.026.659;1.194.049.706;3.103.510.598;;;55.584.363.327.256;0;0.1342164;35.564.961.768;37.269.686.232;29;0;139.739;61.886.758.542.056;94.059.058.128;34.001.488;35.595.145.496;0;0;0;176.5; -0.4; -1.6;0;0;1024;1024;1024;1024;0;0;0;0;0;0;0;27;;;;;;;0;32;55.584.363.327.256;3.103.510.598;0;;
1884080;21/03/2025 08:46;-1.302.666;1.194.049.706;3.103.510.598;;;55.584.363.327.256;0;0.2684328;35.601.379.092;37.306.103.556;29;0;139.739;61.886.758.542.056;94.059.058.128;34.001.488;35.601.379.092;0;0;0;184.2;-1; -1.6;0;0;1024;1024;1024;1024;0;0;0;0;0;0;0;27;;;;;;;0;32;55.584.363.327.256;3.103.510.598;0;;
1884280;21/03/2025 08:46;-13.026.662;1.194.049.705;42.044.620.768;;;56.685.314.806.056;0;0.447388;35.672.245.236;37.387.796.472;29;0;140.836;61.886.758.542.056;94.059.058.128;34.001.488;35.672.245.236;0;0;0;191.5; -0.7;-2;0;0;1024;1024;1024;1024;0;0;0;0;0;0;0;26;;;;;;;0;32;56.685.314.806.056;42.044.620.768;0;;
1884480;21/03/2025 08:46;-13.026.666;1.194.049.703;52.967.849.464;;;57.777.637.675.656;0;0.3579104;3.581.364.944;3.755.085.422;29;0;140.836;61.886.758.542.056;94.059.058.128;34.001.488;3.581.364.944;0;0;0;199.1; -0.2; -2.3;0;0;1024;1024;1024;1024;0;0;0;0;0;0;0;26;;;;;;;0;32;57.777.637.675.656;52.967.849.464;0;;
1884670;21/03/2025 08:46;-13.026.672;1.194.049.701;42.044.620.768;;;56.685.314.806.056;0;0.7158208;36.027.888.292;37.781.497.272;29;0;140.836;61.886.758.542.056;94.059.058.128;34.001.488;36.027.888.292;0;0;0;205.2; 0.2; -2.2;0;0;1024;1024;1024;1024;0;0;0;0;0;0;0;26;;;;;;;0;32;56.685.314.806.056;42.044.620.768;0;;
1884890;21/03/2025 08:46;-13.026.674;1.194.049.699;201.121.397.512;;;54.492.066.704.376;0;0.6039738;36.097.114.016;37.884.843.732;29;0;140.836;61.886.758.542.056;94.059.058.128;34.001.488;36.097.114.016;0;0;0;216.5;1; -1.9;0;0;1024;1024;1024;1024;0;0;0;0;0;0;0;26;;;;;;;0;32;54.492.066.704.376;201.121.397.512;0;;
1885080;21/03/2025 08:46;-1.302.668;1.194.049.697;36.496.720.328;;;56.130.524.762.056;0;0.7158208;36.312.009.036;38.115.486.784;29;0;140.836;61.886.758.542.056;94.059.058.128;34.001.488;36.312.009.036;0;0;0;226.4; 1.4; -1.4;0;0;1024;1024;1024;1024;0;0;0;0;0;0;0;26;;;;;;;0;32;56.130.524.762.056;36.496.720.328;0;;
1885280;21/03/2025 08:46;-13.026.682;1.194.049.696;36.496.720.328;;;56.130.524.762.056;0;0.3802798;3.638.287.518;381.971.797;29;0;142.138;61.886.758.542.056;94.059.058.128;34.001.488;3.638.287.518;0;0;0;236.6; 1.5; -0.9;0;0;1024;1024;1024;1024;0;0;0;0;0;0;0;27;;;;;;;0;32;56.130.524.762.056;36.496.720.328;0;;
1885480;21/03/2025 08:46;-13.026.687;1.194.049.694;3.103.510.598;;;55.584.363.327.256;0;0.3579104;3.656.168.096;38.393.702.016;29;0;142.138;61.886.758.542.056;94.059.058.128;34.001.488;3.656.168.096;0;0;0;246.6; 1.5; -0.3;0;0;1024;1024;1024;1024;0;0;0;0;0;0;0;27;;;;;;;0;32;55.584.363.327.256;3.103.510.598;0;;
1885680;21/03/2025 08:46;-1.302.669;1.194.049.693;6.935.203.634;;;59.416.056.363.256;0;0.2908022;36.669.292.512;385.088.595;29;0;142.138;61.886.758.542.056;94.059.058.128;34.001.488;36.669.292.512;0;0;0;253.6; 1.2; 0.4;0;0;1024;1024;1024;1024;0;0;0;0;0;0;0;27;;;;;;;0;32;59.416.056.363.256;6.935.203.634;0;;
1885880;21/03/2025 08:46;-13.026.691;1.194.049.694;72.126.314.644;;;59.693.484.193.656;0;0.1565858;36.707.350.256;38.560.696.772;29;0;142.138;61.886.758.542.056;94.059.058.128;34.001.488;36.707.350.256;0;0;0;262.2; 0.7; 0.7;0;0;1024;1024;1024;1024;0;0;0;0;0;0;0;27;;;;;;;0;32;59.693.484.193.656;72.126.314.644;0;;
1886080;21/03/2025 08:46;-13.026.691;1.194.049.696;201.121.397.512;;;54.492.066.704.376;0;0.2460634;3.671.095.918;3.863.353.142;29;0;142.138;61.886.758.542.056;94.059.058.128;34.001.488;3.671.095.918;0;0;0;270.7; 0.2; 0.5;0;0;1024;1024;1024;1024;0;0;0;0;0;0;0;27;;;;;;;0;32;54.492.066.704.376;201.121.397.512;0;;
1886280;21/03/2025 08:46;-13.026.693;1.194.049.694;42.044.620.768;;;56.685.314.806.056;0;0.4250186;36.780.184.904;38.736.549.796;29;0;13.946;61.886.758.542.056;94.059.058.128;34.001.488;36.780.184.904;0;0;0;282; -0.5; -0.1;0;0;1024;1024;1024;1024;0;0;0;0;0;0;0;26;;;;;;;0;32;56.685.314.806.056;42.044.620.768;0;;
1886480;21/03/2025 08:46;-13.026.689;1.194.049.698;58.429.135.728;;;58.323.766.302.056;0;0.6263432;36.641.733.456;38.942.914.632;29;0;13.946;61.886.758.542.056;94.059.058.128;34.001.488;36.780.184.904;0;0;0;288.5; -0.6; -0.7;0;0;1024;1024;1024;1024;0;0;0;0;0;0;0;26;;;;;;;0;32;58.323.766.302.056;58.429.135.728;0;;
1886670;21/03/2025 08:46;-13.026.689;11.940.497;58.429.135.728;;;58.323.766.302.056;0;0.4250186;3.664.534.238;39.016.077.364;29;0;13.946;61.886.758.542.056;94.059.058.128;34.001.488;36.780.184.904;0;0;0;296.9; -0.2; -1.2;0;0;1024;1024;1024;1024;0;0;0;0;0;0;0;26;;;;;;;0;32;58.323.766.302.056;58.429.135.728;0;;
1886880;21/03/2025 08:46;-13.026.688;1.194.049.703;66.664.700.296;;;59.147.322.758.856;0;0.5816044;36.614.830.568;39.131.234.848;29;0;13.946;61.886.758.542.056;94.059.058.128;34.001.488;36.780.184.904;0;0;0;303.6; 0.3; -1.2;0;0;1024;1024;1024;1024;0;0;0;0;0;0;0;26;;;;;;;0;32;59.147.322.758.856;66.664.700.296;0;;
1887080;21/03/2025 08:46;-13.026.683;1.194.049.708;72.126.314.644;;;59.693.484.193.656;0;0.6934514;3.644.357.072;39.389.436.956;29;0;13.946;61.886.758.542.056;94.059.058.128;34.001.488;36.780.184.904;0;0;0;307.6; 0.7; -0.5;0;0;1024;1024;1024;1024;0;0;0;0;0;0;0;26;;;;;;;0;32;59.693.484.193.656;72.126.314.644;0;;
1887280;21/03/2025 08:46;-13.026.681;1.194.049.711;47.506.235.116;;;57.231.476.240.856;0;0.671082;36.377.625.836;3.952.099.864;29;0;140.222;61.886.758.542.056;94.059.058.128;34.001.488;36.780.184.904;0;0;0;310.4; 0.9; -2.6;0;0;1024;1024;1024;1024;0;0;0;0;0;0;0;27;;;;;;;0;32;57.231.476.240.856;47.506.235.116;0;;
1887480;21/03/2025 08:46;-13.026.681;1.194.049.716;201.121.397.512;;;54.492.066.704.376;0;0.6039738;36.389.764.944;3.970.308.526;29;0;140.222;61.886.758.542.056;94.059.058.128;34.001.488;36.780.184.904;0;0;0;312.8; 0.3; -6.8;0;0;1024;1024;1024;1024;0;0;0;0;0;0;0;27;;;;;;;0;32;54.492.066.704.376;201.121.397.512;0;;
1887670;21/03/2025 08:46;-13.026.681;1.194.049.719;42.044.620.768;;;56.685.314.806.056;0;0.6263432;36.397.310.876;39.812.665.316;29;0;140.222;61.886.758.542.056;94.059.058.128;34.001.488;36.780.184.904;0;0;0;315; -0.4; -8.8;0;0;1024;1024;1024;1024;0;0;0;0;0;0;0;27;;;;;;;0;32;56.685.314.806.056;42.044.620.768;0;;
1887880;21/03/2025 08:46;-13.026.687;1.194.049.718;42.044.620.768;;;56.685.314.806.056;0;0.6934514;36.613.190.148;400.344.501;29;0;140.222;61.886.758.542.056;94.059.058.128;34.001.488;36.780.184.904;0;0;0;317; -0.7; -5.4;0;0;1024;1024;1024;1024;0;0;0;0;0;0;0;27;;;;;;;0;32;56.685.314.806.056;42.044.620.768;0;;
1888080;21/03/2025 08:46;-13.026.696;1.194.049.717;6.935.203.634;;;59.416.056.363.256;0;0.7605596;36.937.993.308;40.364.830.688;28;0;140.222;61.886.758.542.056;94.059.058.128;34.001.488;36.937.993.308;0;0;0;319.7; -1.2; 0.1;0;0;1024;1024;1024;1024;0;0;0;0;0;0;0;27;;;;;;;0;32;59.416.056.363.256;6.935.203.634;0;;
1888280;21/03/2025 08:46;-13.026.698;1.194.049.717;8.582.349.356;;;61.063.202.085.256;0;0.447388;37.010.827.956;4.043.799.342;28;0;140.148;61.886.758.542.056;94.059.058.128;34.001.488;37.010.827.956;0;0;0;323.3; -1.2; 0.8;0;0;1024;1024;1024;1024;0;0;0;0;0;0;0;26;;;;;;;0;32;61.063.202.085.256;8.582.349.356;0;;
1888480;21/03/2025 08:46;-13.026.704;1.194.049.718;118.765.751.832;;;53.668.510.247.576;0;0.4697574;37.231.956.572;40.659.778.204;28;0;140.148;61.886.758.542.056;94.059.058.128;34.001.488;37.231.956.572;0;0;0;327.8; -0.7;-1;0;0;1024;1024;1024;1024;0;0;0;0;0;0;0;26;;;;;;;0;32;53.668.510.247.576;118.765.751.832;0;;
1888680;21/03/2025 08:46;-13.026.707;1.194.049.718;63.890.750.076;;;58.869.927.736.856;0;0.223694;3.734.088.046;4.076.935.826;28;0;140.148;61.886.758.542.056;94.059.058.128;34.001.488;3.734.088.046;0;0;0;331.4; -1.2; -2.3;0;0;1024;1024;1024;1024;0;0;0;0;0;0;0;26;;;;;;;0;32;58.869.927.736.856;63.890.750.076;0;;
1888880;21/03/2025 08:46;-1.302.671;1.194.049.717;66.664.700.296;;;59.147.322.758.856;0;0.671082;37.447.835.844;40.884.843.828;28;0;140.148;61.886.758.542.056;94.059.058.128;34.001.488;37.447.835.844;0;0;0;333.5;-2; -2.2;0;0;1024;1024;1024;1024;0;0;0;0;0;0;0;26;;;;;;;0;32;59.147.322.758.856;66.664.700.296;0;;
1889080;21/03/2025 08:46;-13.026.715;1.194.049.714;44.732.284.896;;;56.954.081.218.856;0;0.4026492;37.622.376.532;4.109.744.226;28;0;140.148;61.886.758.542.056;94.059.058.128;34.001.488;37.622.376.532;0;0;0;334.1; -5.8; -0.1;0;0;1024;1024;1024;1024;0;0;0;0;0;0;0;26;;;;;;;0;32;56.954.081.218.856;44.732.284.896;0;;
1889280;21/03/2025 08:46;-13.026.717;1.194.049.712;44.732.284.896;;;56.954.081.218.856;0;0.559235;37.690.618.004;41.200.460.636;28;0;139.208;61.886.758.542.056;94.059.058.128;34.001.488;37.690.618.004;0;0;0;334.5; -9.8; 0.7;0;0;1024;1024;1024;1024;0;0;0;0;0;0;0;26;;;;;;;0;32;56.954.081.218.856;44.732.284.896;0;;
1889480;21/03/2025 08:46;-13.026.715;1.194.049.707;-0.45079397768;;;52.030.058.751.576;0;0.7381902;376.066.285;41.396.982.952;27;0;139.208;61.886.758.542.056;94.059.058.128;34.001.488;37.690.618.004;0;0;0;335.2; -7.2; -0.6;0;0;1024;1024;1024;1024;0;0;0;0;0;0;0;26;;;;;;;0;32;52.030.058.751.576;-0.45079397768;0;;
1889680;21/03/2025 08:46;-1.302.671;1.194.049.705;58.429.135.728;;;58.323.766.302.056;0;0.8724066;37.420.276.788;41.593.505.268;27;0;139.208;61.886.758.542.056;94.059.058.128;34.001.488;37.690.618.004;0;0;0;335.5; -4.4; -0.9;0;0;1024;1024;1024;1024;0;0;0;0;0;0;0;26;;;;;;;0;32;58.323.766.302.056;58.429.135.728;0;;
1889880;21/03/2025 08:46;-13.026.704;1.194.049.703;39.270.670.548;;;56.407.919.784.056;0;10.513.618;37.197.835.836;4.182.414.832;27;0;139.208;61.886.758.542.056;94.059.058.128;34.001.488;37.690.618.004;0;0;0;335.6; -2.3; -1.3;0;0;1024;1024;1024;1024;0;0;0;0;0;0;0;26;;;;;;;0;32;56.407.919.784.056;39.270.670.548;0;;
1890080;21/03/2025 08:46;-13.026.692;1.194.049.697;4.516.568.386;;;56.997.421.115.256;0;15.434.886;36.749.016.924;42.313.649.648;27;0;139.208;61.886.758.542.056;94.059.058.128;34.001.488;37.690.618.004;0;0.223694;0;338.3; -1.3; -1.5;0;0;1024;1024;1024;1024;0;0;0;0;0;0;0;26;;;;;;;0;32;56.997.421.115.256;4.516.568.386;0;;
1890280;21/03/2025 08:46;-13.026.688;1.194.049.695;283.477.043.192;;;55.315.623.161.176;0;0.782929;36.599.738.704;4.247.703.548;27;0;140.771;61.886.758.542.056;94.059.058.128;34.001.488;37.690.618.004;0;0;0;335.2; -1.2; -2.1;0;0;1024;1024;1024;1024;0;0;0;0;0;0;0;26;;;;;;;0;32;55.315.623.161.176;283.477.043.192;0;;
1890480;21/03/2025 08:46;-13.026.677;119.404.969;47.506.235.116;;;57.231.476.240.856;0;1.342.164;36.190.617.956;42.917.652.292;27;0;140.771;61.886.758.542.056;94.059.058.128;34.001.488;37.690.618.004;0;0.223694;0;333.8; -0.6; -2.8;0;0;1024;1024;1024;1024;0;0;0;0;0;0;0;26;;;;;;;0;32;57.231.476.240.856;47.506.235.116;0;;
1890680;21/03/2025 08:46;-13.026.666;119.404.968;47.506.235.116;;;57.231.476.240.856;0;11.408.394;35.775.591.696;43.459.975.144;27;0;140.771;61.886.758.542.056;94.059.058.128;34.001.488;37.690.618.004;0;0;0;333.6; -0.2; -3.2;0;0;1024;1024;1024;1024;0;0;0;0;0;0;0;26;;;;;;;0;32;57.231.476.240.856;47.506.235.116;0;;
1890890;21/03/2025 08:46;-13.026.661;1.194.049.679;83.049.215.256;;;60.785.774.254.856;0;10.737.312;35.591.864.656;43.645.998.772;27;0;140.771;61.886.758.542.056;94.059.058.128;34.001.488;37.690.618.004;0;0;0;335.9;-1; -1.8;0;0;1024;1024;1024;1024;0;0;0;0;0;0;0;26;;;;;;;0;32;60.785.774.254.856;83.049.215.256;0;;
1891080;21/03/2025 08:46;-13.026.656;1.194.049.672;228.862.540.132;;;54.769.478.130.576;0;0.671082;35.402.232.104;4.395.997.516;27;0;140.771;61.886.758.542.056;94.059.058.128;34.001.488;37.690.618.004;0;0;0;340.2; -1.7; -1.5;0;0;1024;1024;1024;1024;0;0;0;0;0;0;0;26;;;;;;;0;32;54.769.478.130.576;228.862.540.132;0;;
1891280;21/03/2025 08:46;-13.026.652;1.194.049.669;47.506.235.116;;;57.231.476.240.856;0;0.7158208;35.253.610.052;44.142.389.864;27;0;138.911;61.886.758.542.056;94.059.058.128;34.001.488;37.690.618.004;0;0;0;344; -2.7; -0.9;0;0;1024;1024;1024;1024;0;0;0;0;0;0;0;25;;;;;;;0;32;57.231.476.240.856;47.506.235.116;0;;
1891480;21/03/2025 08:46;-13.026.647;1.194.049.664;338.090.562;;;55.861.758.349.256;0;0.671082;35.067.586.424;44.400.263.888;27;0;138.911;61.886.758.542.056;94.059.058.128;34.001.488;37.690.618.004;0;0;0;345.6;-5; 0.2;0;0;1024;1024;1024;1024;0;0;0;0;0;0;0;25;;;;;;;0;32;55.861.758.349.256;338.090.562;0;;
1891680;21/03/2025 08:46;-13.026.639;1.194.049.657;55.655.185.508;;;58.046.371.280.056;0;10.289.924;3.477.198.274;44.788.059.176;27;0;138.911;61.886.758.542.056;94.059.058.128;34.001.488;37.690.618.004;0;0;0;346.3; -7.6; 0.3;0;0;1024;1024;1024;1024;0;0;0;0;0;0;0;25;;;;;;;0;32;58.046.371.280.056;55.655.185.508;0;;
1891880;21/03/2025 08:46;-13.026.633;1.194.049.655;55.655.185.508;;;58.046.371.280.056;0;10.737.312;34.552.494.544;45.018.702.228;27;0;138.911;61.886.758.542.056;94.059.058.128;34.001.488;37.690.618.004;0;0;0;347.4; -7.6; -0.1;0;0;1024;1024;1024;1024;0;0;0;0;0;0;0;25;;;;;;;0;32;58.046.371.280.056;55.655.185.508;0;;
1892090;21/03/2025 08:46;-13.026.621;1.194.049.653;42.044.620.768;;;56.685.314.806.056;0;1.454.011;3.411.417.432;4.546.259.988;27;0;138.911;61.886.758.542.056;94.059.058.128;34.001.488;37.690.618.004;0;0.223694;0;351; -5.5; -0.6;0;0;1024;1024;1024;1024;0;0;0;0;0;0;0;25;;;;;;;0;32;56.685.314.806.056;42.044.620.768;0;;
1892280;21/03/2025 08:46;-13.026.612;1.194.049.651;5.019.357.116;;;57.500.209.845.256;0;17.224.438;33.785.434.152;4.579.888.598;27;0;141.227;61.886.758.542.056;94.059.058.128;34.001.488;37.690.618.004;0;0.223694;0;355.7; -4.4; -0.3;0;0;1024;1024;1024;1024;0;0;0;0;0;0;0;26;;;;;;;0;32;57.500.209.845.256;5.019.357.116;0;;
1892480;21/03/2025 08:46;-13.026.593;1.194.049.649;80.361.879.212;;;60.517.040.650.456;0;223.694;33.091.864.576;4.649.606.448;28;0;141.227;61.886.758.542.056;94.059.058.128;34.001.488;37.690.618.004;0;0.223694;0;0.4; -4.4; 0.4;0;0;1024;1024;1024;1024;0;0;0;0;0;0;0;26;;;;;;;0;32;60.517.040.650.456;80.361.879.212;0;;
1892680;21/03/2025 08:46;-13.026.573;1.194.049.645;-0.72819556136;;;51.752.657.167.896;0;20.356.154;323.622.385.684;47.240.158.992;28;0;141.227;61.886.758.542.056;94.059.058.128;34.001.488;37.690.618.004;0;0.223694;0;4; -4.6; -0.2;0;0;1024;1024;1024;1024;0;0;0;0;0;0;0;26;;;;;;;0;32;51.752.657.167.896;-0.72819556136;0;;
1892880;21/03/2025 08:46;-13.026.561;1.194.049.644;61.203.414.032;;;58.601.194.132.456;0;2.460.634;319.245.088.956;47.679.463.468;28;0;141.227;61.886.758.542.056;94.059.058.128;34.001.488;37.690.618.004;0;0.223694;0;5.6; -4.2; -1.4;0;0;1024;1024;1024;1024;0;0;0;0;0;0;0;26;;;;;;;0;32;58.601.194.132.456;61.203.414.032;0;;
1893070;21/03/2025 08:46;-13.026.543;1.194.049.646;55.655.185.508;;;58.046.371.280.056;0;1.677.705;312.676.191.108;48.340.224.644;28;0;141.227;61.886.758.542.056;94.059.058.128;34.001.488;37.690.618.004;0;0.223694;0;6.4; -2.8; -2.1;0;0;1024;1024;1024;1024;0;0;0;0;0;0;0;26;;;;;;;0;32;58.046.371.280.056;55.655.185.508;0;;
1893280;21/03/2025 08:46;-13.026.534;1.194.049.647;55.655.185.508;;;58.046.371.280.056;0;19.461.378;309.392.398.352;48.670.605.232;28;0;142.008;61.886.758.542.056;94.059.058.128;34.001.488;37.690.618.004;0;0.223694;0;7.3; -2.4; -2.2;0;0;1024;1024;1024;1024;0;0;0;0;0;0;0;26;;;;;;;0;32;58.046.371.280.056;55.655.185.508;0;;
1893490;21/03/2025 08:46;-13.026.513;1.194.049.647;255.736.228.656;;;55.038.215.015.816;0;18.790.296;301.730.324.616;49.437.009.456;28;0;142.008;61.886.758.542.056;94.059.058.128;34.001.488;37.690.618.004;0;0.223694;0;9.3; -3.5; -1.5;0;0;1024;1024;1024;1024;0;0;0;0;0;0;0;26;;;;;;;0;32;55.038.215.015.816;255.736.228.656;0;;
1893680;21/03/2025 08:46;-13.026.492;1.194.049.648;6.935.203.634;;;59.416.056.363.256;0;19.685.072;294.068.907.048;50.204.069.848;28;0;142.008;61.886.758.542.056;94.059.058.128;34.001.488;37.690.618.004;0;0.223694;0;10.9; -6.1; -1.4;0;0;1024;1024;1024;1024;0;0;0;0;0;0;0;26;;;;;;;0;32;59.416.056.363.256;6.935.203.634;0;;
1893880;21/03/2025 08:46;-13.026.484;1.194.049.648;36.496.720.328;;;56.130.524.762.056;0;16.553.356;2.911.499.437;50.495.736.524;28;0;142.008;61.886.758.542.056;94.059.058.128;34.001.488;37.690.618.004;0;0.223694;0;12.1; -5.3;-1;0;0;1024;1024;1024;1024;0;0;0;0;0;0;0;26;;;;;;;0;32;56.130.524.762.056;36.496.720.328;0;;
1894080;21/03/2025 08:46;-13.026.462;1.194.049.649;146.506.566.368;;;53.945.918.392.936;0;20.803.542;283.124.024.808;5.129.921.424;28;0;142.008;61.886.758.542.056;94.059.058.128;34.001.488;37.690.618.004;0;0.223694;0;12.2; -3.3; -1.4;0;0;1024;1024;1024;1024;0;0;0;0;0;0;0;26;;;;;;;0;32;53.945.918.392.936;146.506.566.368;0;;
1894280;21/03/2025 08:46;-13.026.454;1.194.049.651;39.270.670.548;;;56.407.919.784.056;0;16.553.356;280.208.014.216;51.600.067.268;28;0;139.181;61.886.758.542.056;94.059.058.128;34.001.488;37.690.618.004;0;0.223694;0;11.5; -1.9; -2.5;0;0;1024;1024;1024;1024;0;0;0;0;0;0;0;26;;;;;;;0;32;56.407.919.784.056;39.270.670.548;0;;
1894480;21/03/2025 08:46;-1.302.643;1.194.049.655;39.270.670.548;;;56.407.919.784.056;0;28.632.832;271.463.591.364;52.487.862.572;28;0;139.181;61.886.758.542.056;94.059.058.128;34.001.488;37.690.618.004;0;0.223694;0;10.5;-2; -2.7;0;0;1024;1024;1024;1024;0;0;0;0;0;0;0;26;;;;;;;0;32;56.407.919.784.056;39.270.670.548;0;;
1894670;21/03/2025 08:46;-13.026.408;1.194.049.654;39.270.670.548;;;56.407.919.784.056;0;24.830.034;263.433.735.464;53.291.340.288;27;0;139.181;61.886.758.542.056;94.059.058.128;34.001.488;37.690.618.004;0;0.223694;0;9.7; -2.1; -2.3;0;0;1024;1024;1024;1024;0;0;0;0;0;0;0;26;;;;;;;0;32;56.407.919.784.056;39.270.670.548;0;;
1894880;21/03/2025 08:46;-13.026.398;1.194.049.656;8.859.744.378;;;61.340.597.107.256;0;20.803.542;259.793.643.484;53.663.387.544;27;0;139.181;61.886.758.542.056;94.059.058.128;34.001.488;37.690.618.004;0;0.223694;0;9; -2.7;-2;0;0;1024;1024;1024;1024;0;0;0;0;0;0;0;26;;;;;;;0;32;61.340.597.107.256;8.859.744.378;0;;
1895080;21/03/2025 08:46;-13.026.376;1.194.049.658;3.103.510.598;;;55.584.363.327.256;0;20.803.542;25.177.822.328;54.469.489.932;27;0;139.181;61.886.758.542.056;94.059.058.128;34.001.488;37.690.618.004;0;0.223694;0;8.6; -3.6; -1.6;0;0;1024;1024;1024;1024;0;0;0;0;0;0;0;26;;;;;;;0;32;55.584.363.327.256;3.103.510.598;0;;
1895280;21/03/2025 08:46;-13.026.365;1.194.049.657;83.049.215.256;;;60.785.774.254.856;0;22.145.706;247.759.522.364;54.872.377.084;27;0;13.972;61.886.758.542.056;94.059.058.128;34.001.488;37.690.618.004;0;0.223694;0;8.1; -4.4; 0.3;0;0;1024;1024;1024;1024;0;0;0;0;0;0;0;26;;;;;;;0;32;60.785.774.254.856;83.049.215.256;0;;
1895480;21/03/2025 08:46;-13.026.345;1.194.049.657;58.429.135.728;;;58.323.766.302.056;0;21.027.236;240.463.590.372;556.020.359;27;0;13.972;61.886.758.542.056;94.059.058.128;34.001.488;37.690.618.004;0;0.223694;0;7.8; -4.4; 0.3;0;0;1024;1024;1024;1024;0;0;0;0;0;0;0;26;;;;;;;0;32;58.323.766.302.056;58.429.135.728;0;;
1895680;21/03/2025 08:46;-13.026.334;1.194.049.662;-0.72819556136;;;51.752.657.167.896;0;2.348.787;236.485.571.872;56.042.980.796;27;0;13.972;61.886.758.542.056;94.059.058.128;34.001.488;37.690.618.004;0;0.223694;0;7.7; -3.3; -0.5;0;0;1024;1024;1024;1024;0;0;0;0;0;0;0;26;;;;;;;0;32;51.752.657.167.896;-0.72819556136;0;;
1895880;21/03/2025 08:46;-13.026.312;1.194.049.664;94.059.058.128;;;61.886.758.542.056;0;21.474.624;228.479.994.188;568.487.551;28;0;13.972;61.886.758.542.056;94.059.058.128;34.001.488;37.690.618.004;0;0.223694;0;7.3; -2.1; -0.3;0;0;1024;1024;1024;1024;0;0;0;0;0;0;0;26;;;;;;;0;32;61.886.758.542.056;94.059.058.128;0;;
1896080;21/03/2025 08:46;-13.026.292;1.194.049.673;94.059.058.128;;;61.886.758.542.056;0;23.935.258;221.302.172.436;57.648.951.976;28;0;13.972;61.886.758.542.056;94.059.058.128;34.001.488;37.690.618.004;0.223694;0.223694;0;6.6; -1.6; -0.3;0;0;1024;1024;1024;1024;0;0;0;0;0;0;0;26;;;;;;;0;32;61.886.758.542.056;94.059.058.128;0;;
1896280;21/03/2025 08:46;-13.026.282;1.194.049.678;3.103.510.598;;;55.584.363.327.256;0;22.593.094;217.744.101.456;58.057.088.472;28;0;140.855;61.886.758.542.056;94.059.058.128;34.001.488;37.690.618.004;0;0.223694;0;6.6; -2.5; -1.9;0;0;1024;1024;1024;1024;0;0;0;0;0;0;0;25;;;;;;;0;32;55.584.363.327.256;3.103.510.598;0;;
1896480;21/03/2025 08:46;-13.026.261;1.194.049.685;10.775.590.896;;;63.256.443.625.256;0;2.013.246;210.245.741.636;58.864.503.196;28;0;140.855;63.256.443.625.256;10.775.590.896;34.001.488;37.690.618.004;0;0.223694;0;7.6; -3.2; -2.8;0;0;1024;1024;1024;1024;0;0;0;0;0;0;0;25;;;;;;;0;32;63.256.443.625.256;10.775.590.896;0;;
1896670;21/03/2025 08:46;-13.026.242;1.194.049.687;132.375.988.488;;;65.718.451.578.056;0;1.789.552;203.380.255.852;59.561.681.696;28;0;140.855;65.718.451.578.056;132.375.988.488;34.001.488;37.690.618.004;0;0.223694;0;8.6; -2.5; -4.3;0;0;1024;1024;1024;1024;0;0;0;0;0;0;0;25;;;;;;;0;32;65.718.451.578.056;132.375.988.488;0;;
1896880;21/03/2025 08:46;-13.026.232;1.194.049.692;42.044.620.768;;;56.685.314.806.056;0;21.922.012;199.882.880.412;59.969.490.108;28;0;140.855;65.718.451.578.056;132.375.988.488;34.001.488;37.690.618.004;0;0.223694;0;9.1; -1.4; -3.1;0;0;1024;1024;1024;1024;0;0;0;0;0;0;0;25;;;;;;;0;32;56.685.314.806.056;42.044.620.768;0;;
1897070;21/03/2025 08:46;-13.026.211;1.194.049.694;36.496.720.328;;;56.130.524.762.056;0;20.579.848;192.311.685.944;60.739.175.172;28;0;140.855;65.718.451.578.056;132.375.988.488;34.001.488;37.690.618.004;0;0.223694;0;9.5; -4.7;-1;0;0;1024;1024;1024;1024;0;0;0;0;0;0;0;25;;;;;;;0;32;56.130.524.762.056;36.496.720.328;0;;
1897280;21/03/2025 08:46;-13.026.203;1.194.049.695;36.496.720.328;;;56.130.524.762.056;0;16.329.662;189.437.998.188;61.033.138.436;28;0;139.878;65.718.451.578.056;132.375.988.488;34.001.488;37.690.618.004;0;0.223694;0;9.4; -8.1; -0.7;0;0;1024;1024;1024;1024;0;0;0;0;0;0;0;26;;;;;;;0;32;56.130.524.762.056;36.496.720.328;0;;
1897480;21/03/2025 08:46;-13.026.184;11.940.497;63.890.750.076;;;58.869.927.736.856;0;19.237.684;182.720.478.288;61.750.001.976;28;0;139.878;65.718.451.578.056;132.375.988.488;34.001.488;37.690.618.004;0;0.223694;0;9;-6; -0.8;0;0;1024;1024;1024;1024;0;0;0;0;0;0;0;26;;;;;;;0;32;58.869.927.736.856;63.890.750.076;0;;
1897680;21/03/2025 08:46;-13.026.161;1.194.049.707;61.203.414.032;;;58.601.194.132.456;0;20.803.542;174.679.795.616;62.627.298.592;28;0;139.878;65.718.451.578.056;132.375.988.488;34.001.488;37.690.618.004;0;0.223694;0;8.2; -0.7; -1.8;0;0;1024;1024;1024;1024;0;0;0;0;0;0;0;26;;;;;;;0;32;58.601.194.132.456;61.203.414.032;0;;
1897880;21/03/2025 08:46;-1.302.615;1.194.049.708;63.890.750.076;;;58.869.927.736.856;0;23.264.176;170.746.068.456;63.030.185.744;28;0;139.878;65.718.451.578.056;132.375.988.488;34.001.488;37.690.618.004;0;0.223694;0;6.6;0; -2.4;0;0;1024;1024;1024;1024;0;0;0;0;0;0;0;26;;;;;;;0;32;58.869.927.736.856;63.890.750.076;0;;
1898080;21/03/2025 08:46;-1.302.613;1.194.049.714;56.608.925.696;;;58.141.745.298.856;0;1.789.552;163.826.120.728;63.791.996.792;28;0;139.878;65.718.451.578.056;132.375.988.488;34.001.488;37.690.618.004;0;0.223694;0;3.9;-2; -3.4;0;0;1024;1024;1024;1024;0;0;0;0;0;0;0;26;;;;;;;0;32;58.141.745.298.856;56.608.925.696;0;;
1898280;21/03/2025 08:46;-13.026.119;1.194.049.715;5.019.357.116;;;57.500.209.845.256;0;21.474.624;159.915.031.364;64.194.883.944;28;0;140.464;65.718.451.578.056;132.375.988.488;34.001.488;37.690.618.004;0;0.223694;0;1.8; -0.7;-4;0;0;1024;1024;1024;1024;0;0;0;0;0;0;0;26;;;;;;;0;32;57.500.209.845.256;5.019.357.116;0;;
1898480;21/03/2025 08:46;-13.026.102;1.194.049.718;77.587.928.992;;;60.239.645.628.456;0;14.987.498;153.970.805.452;64.824.805.224;28;0;140.464;65.718.451.578.056;132.375.988.488;34.001.488;37.690.618.004;0;0.223694;0;0.4;0;-4;0;0;1024;1024;1024;1024;0;0;0;0;0;0;0;26;;;;;;;0;32;60.239.645.628.456;77.587.928.992;0;;
1898670;21/03/2025 08:46;-13.026.088;1.194.049.721;77.587.928.992;;;60.239.645.628.456;0;12.974.252;149.132.550.704;65.347.114.952;28;0;140.464;65.718.451.578.056;132.375.988.488;34.001.488;37.690.618.004;0;0.223694;0;358.4; -1.7; -3.8;0;0;1024;1024;1024;1024;0;0;0;0;0;0;0;26;;;;;;;0;32;60.239.645.628.456;77.587.928.992;0;;
1898880;21/03/2025 08:46;-13.026.079;1.194.049.721;99.520.344.392;;;62.432.887.168.456;0;17.000.744;145.904.204.144;65.675.527.036;28;0;140.464;65.718.451.578.056;132.375.988.488;34.001.488;37.690.618.004;0;0.223694;0;356.5; -3.8;-4;0;0;1024;1024;1024;1024;0;0;0;0;0;0;0;26;;;;;;;0;32;62.432.887.168.456;99.520.344.392;0;;
1899080;21/03/2025 08:46;-13.026.068;1.194.049.719;58.429.135.728;;;58.323.766.302.056;0;11.632.088;141.825.135.772;66.083.335.448;29;0;140.464;65.718.451.578.056;132.375.988.488;34.001.488;37.690.618.004;0;0.223694;0;355.6; -3.5; -3.8;0;0;1024;1024;1024;1024;0;0;0;0;0;0;0;26;;;;;;;0;32;58.323.766.302.056;58.429.135.728;0;;
1899280;21/03/2025 08:46;-13.026.062;1.194.049.717;118.765.751.832;;;53.668.510.247.576;0;13.197.946;139.539.374.544;66.314.306.584;29;0;140.576;65.718.451.578.056;132.375.988.488;34.001.488;37.690.618.004;0;0.223694;0;355.5; -6.2; -2.2;0;0;1024;1024;1024;1024;0;0;0;0;0;0;0;25;;;;;;;0;32;53.668.510.247.576;118.765.751.832;0;;
1899480;21/03/2025 08:46;-13.026.045;1.194.049.715;58.429.135.728;;;58.323.766.302.056;0;16.553.356;1.333.087.313;66.938.650.436;29;0;140.576;65.718.451.578.056;132.375.988.488;34.001.488;37.690.618.004;0;0.223694;0;355.8; -9.8; -0.3;0;0;1024;1024;1024;1024;0;0;0;0;0;0;0;25;;;;;;;0;32;58.323.766.302.056;58.429.135.728;0;;
1899680;21/03/2025 08:46;-13.026.027;1.194.049.708;39.270.670.548;;;56.407.919.784.056;0;19.908.766;126.387.471.236;67.643.374.868;28;0;140.576;65.718.451.578.056;132.375.988.488;34.001.488;37.690.618.004;0;0.223694;0;356.4; -7.9; -0.3;0;0;1024;1024;1024;1024;0;0;0;0;0;0;0;25;;;;;;;0;32;56.407.919.784.056;39.270.670.548;0;;
1899880;21/03/2025 08:46;-13.026.016;1.194.049.707;39.270.670.548;;;56.407.919.784.056;0;21.474.624;122.373.035.412;6.804.626.202;28;0;140.576;65.718.451.578.056;132.375.988.488;34.001.488;37.690.618.004;0;0.223694;0;356.4; -7.5; -1.9;0;0;1024;1024;1024;1024;0;0;0;0;0;0;0;25;;;;;;;0;32;56.407.919.784.056;39.270.670.548;0;;
1900080;21/03/2025 08:46;-13.025.989;1.194.049.705;74.900.264.864;;;59.970.879.215.656;0;22.593.094;112.555.449.796;69.034.122.944;29;0;140.576;65.718.451.578.056;132.375.988.488;34.001.488;37.690.618.004;0;0.223694;0;356.4;-5; -3.2;0;0;1024;1024;1024;1024;0;0;0;0;0;0;0;25;;;;;;;0;32;59.970.879.215.656;74.900.264.864;0;;
1900290;21/03/2025 08:46;-13.025.976;1.194.049.702;36.496.720.328;;;56.130.524.762.056;0;2.796.175;107.691.276.412;695.209.996;29;0;139.246;65.718.451.578.056;132.375.988.488;34.001.488;37.690.618.004;0;0.223694;0;356.5; -0.6; -5.2;0;0;1024;1024;1024;1024;0;0;0;0;0;0;0;25;;;;;;;0;32;56.130.524.762.056;36.496.720.328;0;;
1900480;21/03/2025 08:46;-13.025.949;1.194.049.698;6.935.203.634;;;59.416.056.363.256;0;2.796.175;97.741.801.028;7.051.673.454;29;0;139.246;65.718.451.578.056;132.375.988.488;34.001.488;37.690.618.004;0;0.223694;0;356.6; -1.1; -3.5;0;0;1024;1024;1024;1024;0;0;0;0;0;0;0;25;;;;;;;0;32;59.416.056.363.256;6.935.203.634;0;;
1900680;21/03/2025 08:46;-13.025.924;1.194.049.692;255.736.228.656;;;55.038.215.015.816;0;27.290.668;88.371.721.988;71.454.726.696;29;0;139.246;65.718.451.578.056;132.375.988.488;34.001.488;37.690.618.004;0;0.223694;0;356.8; -2.5; -2.5;0;0;1024;1024;1024;1024;0;0;0;0;0;0;0;25;;;;;;;0;32;55.038.215.015.816;255.736.228.656;0;;
1900880;21/03/2025 08:46;-13.025.914;1.194.049.687;63.890.750.076;;;58.869.927.736.856;0;25.948.504;8.445.538.328;71.862.535.108;29;0;139.246;65.718.451.578.056;132.375.988.488;34.001.488;37.690.618.004;-0.223694;0.223694;0;356.6;-2; -2.5;0;0;1024;1024;1024;1024;0;0;0;0;0;0;0;25;;;;;;;0;32;58.869.927.736.856;63.890.750.076;0;;
1901080;21/03/2025 08:46;-1.302.589;1.194.049.682;36.496.720.328;;;56.130.524.762.056;0;24.382.646;75.516.078.532;72.757.220.176;29;0;139.246;65.718.451.578.056;132.375.988.488;34.001.488;37.690.618.004;0;0.223694;0;356.2; -0.3; -1.9;0;0;1024;1024;1024;1024;0;0;0;0;0;0;0;25;;;;;;;0;32;56.130.524.762.056;36.496.720.328;0;;
1901280;21/03/2025 08:46;-13.025.881;1.194.049.679;36.496.720.328;;;56.130.524.762.056;0;19.908.766;72.096.787.084;73.103.348.796;29;0;140.008;65.718.451.578.056;132.375.988.488;34.001.488;37.690.618.004;0;0.223694;0;355.6; 0.8; -1.1;0;0;1024;1024;1024;1024;0;0;0;0;0;0;0;25;;;;;;;0;32;56.130.524.762.056;36.496.720.328;0;;
1901480;21/03/2025 08:46;-13.025.864;1.194.049.668;36.496.720.328;;;56.130.524.762.056;0;19.908.766;65.393.374.796;7.384.186.588;28;0;140.008;65.718.451.578.056;132.375.988.488;34.001.488;37.690.618.004;-0.223694;0.223694;0;355.1; -0.1; -0.8;0;0;1024;1024;1024;1024;0;0;0;0;0;0;0;25;;;;;;;0;32;56.130.524.762.056;36.496.720.328;0;;
1901670;21/03/2025 08:46;-13.025.849;1.194.049.661;63.890.750.076;;;58.869.927.736.856;0;17.224.438;59.689.306.372;74.445.868.524;28;0;140.008;65.718.451.578.056;132.375.988.488;34.001.488;37.690.618.004;0;0.223694;0;355.2; -2.5; -1.6;0;0;1024;1024;1024;1024;0;0;0;0;0;0;0;25;;;;;;;0;32;58.869.927.736.856;63.890.750.076;0;;
1901880;21/03/2025 08:46;-13.025.842;1.194.049.657;36.496.720.328;;;56.130.524.762.056;0;15.882.274;57.033.138.308;74.739.831.788;28;0;140.008;65.718.451.578.056;132.375.988.488;34.001.488;37.690.618.004;0;0.223694;0;356.5; -4.6; 0.3;0;0;1024;1024;1024;1024;0;0;0;0;0;0;0;25;;;;;;;0;32;56.130.524.762.056;36.496.720.328;0;;
1902080;21/03/2025 08:46;-13.025.827;1.194.049.652;47.506.235.116;;;57.231.476.240.856;0;16.105.968;51.476.051.516;75.316.931.544;27;0;140.008;65.718.451.578.056;132.375.988.488;34.001.488;37.690.618.004;0;0.223694;0;357.1; -3.6; 0.4;0;0;1024;1024;1024;1024;0;0;0;0;0;0;0;25;;;;;;;0;32;57.231.476.240.856;47.506.235.116;0;;
1902280;21/03/2025 08:46;-13.025.819;1.194.049.649;36.496.720.328;;;56.130.524.762.056;0;17.671.826;48.530.513.364;75.628.611.344;27;0;141.069;65.718.451.578.056;132.375.988.488;34.001.488;37.690.618.004;0;0.223694;0;357.5; -3.1; -0.7;0;0;1024;1024;1024;1024;0;0;0;0;0;0;0;25;;;;;;;0;32;56.130.524.762.056;36.496.720.328;0;;
1902470;21/03/2025 08:46;-13.025.803;1.194.049.646;96.746.394.172;;;62.155.492.146.456;0;16.553.356;42.688.977.744;76.222.443.384;27;0;141.069;65.718.451.578.056;132.375.988.488;34.001.488;37.690.618.004;0;0.223694;0;358.3; -3.5; -0.4;0;0;1024;1024;1024;1024;0;0;0;0;0;0;0;25;;;;;;;0;32;62.155.492.146.456;96.746.394.172;0;;
1902670;21/03/2025 08:46;-13.025.785;1.194.049.643;96.746.394.172;;;62.155.492.146.456;0;20.579.848;36.149.607.456;7.688.812.582;27;0;141.069;65.718.451.578.056;132.375.988.488;34.001.488;37.690.618.004;0;0.223694;0;358.4; -1.6;0;0;0;1024;1024;1024;1024;0;0;0;0;0;0;0;25;;;;;;;0;32;62.155.492.146.456;96.746.394.172;0;;
1902880;21/03/2025 08:46;-13.025.778;1.194.049.642;39.270.670.548;;;56.407.919.784.056;0;1.677.705;33.615.814.724;77.146.327.928;27;0;141.069;65.718.451.578.056;132.375.988.488;34.001.488;37.690.618.004;0;0.223694;0;357.4;0; -0.6;0;0;1024;1024;1024;1024;0;0;0;0;0;0;0;25;;;;;;;0;32;56.407.919.784.056;39.270.670.548;0;;
1903080;21/03/2025 08:46;-13.025.766;1.194.049.641;94.059.058.128;;;61.886.758.542.056;0;14.092.722;292.698.828.264;77.585.632.404;27;0;141.069;65.718.451.578.056;132.375.988.488;34.001.488;37.690.618.004;0;0.223694;0;355.8; -1.7; -1.2;0;0;1024;1024;1024;1024;0;0;0;0;0;0;0;25;;;;;;;0;32;61.886.758.542.056;94.059.058.128;0;;
1903280;21/03/2025 08:46;-13.025.759;1.194.049.641;42.044.620.768;;;56.685.314.806.056;0;11.632.088;267.237.869.444;77.840.881.756;27;0;139.441;65.718.451.578.056;132.375.988.488;34.001.488;37.690.618.004;0;0.223694;0;355.3; -0.9; -0.9;0;0;1024;1024;1024;1024;0;0;0;0;0;0;0;25;;;;;;;0;32;56.685.314.806.056;42.044.620.768;0;;
1903480;21/03/2025 08:46;-1.302.575;1.194.049.639;48.893.374.268;;;57.370.190.156.056;0;0.9842536;23.531.988.942;78.177.167.856;27;0;139.441;65.718.451.578.056;132.375.988.488;34.001.488;37.690.618.004;0;0;0;355; 2.6; -0.8;0;0;1024;1024;1024;1024;0;0;0;0;0;0;0;25;;;;;;;0;32;57.370.190.156.056;48.893.374.268;0;;
1903680;21/03/2025 08:46;-13.025.741;119.404.964;77.587.928.992;;;60.239.645.628.456;0;0.9395148;20.228.511.146;78.507.548.444;27;0;139.441;65.718.451.578.056;132.375.988.488;34.001.488;37.690.618.004;0;0;0;354.8; 3.4; -1.2;0;0;1024;1024;1024;1024;0;0;0;0;0;0;0;25;;;;;;;0;32;60.239.645.628.456;77.587.928.992;0;;
1903880;21/03/2025 08:46;-1.302.574;1.194.049.642;77.587.928.992;;;60.239.645.628.456;0;0.4250186;19.786.089.872;7.858.924.136;27;0;139.441;65.718.451.578.056;132.375.988.488;34.001.488;37.690.618.004;0;0;0;354.3; 1.7; -1.3;0;0;1024;1024;1024;1024;0;0;0;0;0;0;0;25;;;;;;;0;32;60.239.645.628.456;77.587.928.992;0;;
1904080;21/03/2025 08:46;-1.302.574;1.194.049.642;173.380.582.976;;;54.214.658.559.016;0;0.111847;19.786.089.872;7.858.924.136;27;0;139.441;65.718.451.578.056;132.375.988.488;34.001.488;37.690.618.004;0;0;0;353; -0.5; -1.4;0;0;1024;1024;1024;1024;0;0;0;0;0;0;0;25;;;;;;;0;32;54.214.658.559.016;173.380.582.976;0;;
1904280;21/03/2025 08:46;-1.302.574;1.194.049.641;0.64150920688;;;53.122.361.936.136;0;0.1789552;198.230.649.388;78.625.658.684;27;0;139.599;65.718.451.578.056;132.375.988.488;34.001.488;37.690.618.004;0;0;0;351.1; -1.8; -1.3;0;0;1024;1024;1024;1024;0;0;0;0;0;0;0;25;;;;;;;0;32;53.122.361.936.136;0.64150920688;0;;
1904480;21/03/2025 08:46;-13.025.739;119.404.964;201.121.397.512;;;54.492.066.704.376;0;0.1342164;195.048.562.672;78.677.495.956;29;0;139.599;65.718.451.578.056;132.375.988.488;34.001.488;37.690.618.004;0;0;0;350.2; -1.6; -0.6;0;0;1024;1024;1024;1024;0;0;0;0;0;0;0;25;;;;;;;0;32;54.492.066.704.376;201.121.397.512;0;;
1904670;21/03/2025 08:46;-13.025.739;1.194.049.639;63.890.750.076;;;58.869.927.736.856;0;0.2460634;19.555.938.946;7.871.391.328;29;0;139.599;65.718.451.578.056;132.375.988.488;34.001.488;37.690.618.004;0;0;0;350.1; -1.4; 0.1;0;0;1024;1024;1024;1024;0;0;0;0;0;0;0;25;;;;;;;0;32;58.869.927.736.856;63.890.750.076;0;;
1904880;21/03/2025 08:46;-13.025.738;1.194.049.638;61.203.414.032;;;58.601.194.132.456;0;0.3802798;19.254.101.666;78.765.422.468;29;0;139.599;65.718.451.578.056;132.375.988.488;34.001.488;37.690.618.004;0;0;0;351.4; -3.3; 0.1;0;0;1024;1024;1024;1024;0;0;0;0;0;0;0;25;;;;;;;0;32;58.601.194.132.456;61.203.414.032;0;;
1905070;21/03/2025 08:46;-13.025.735;1.194.049.635;39.270.670.548;;;56.407.919.784.056;0;0.6934514;184.056.436.336;78.920.278.116;29;0;139.599;65.718.451.578.056;132.375.988.488;34.001.488;37.690.618.004;0;0;0;353.1; -3.2; -0.2;0;0;1024;1024;1024;1024;0;0;0;0;0;0;0;25;;;;;;;0;32;56.407.919.784.056;39.270.670.548;0;;
1905280;21/03/2025 08:46;-13.025.736;1.194.049.636;39.270.670.548;;;56.407.919.784.056;0;0.111847;186.785.110.964;78.971.787.304;29;0;137.888;65.718.451.578.056;132.375.988.488;34.001.488;37.690.618.004;0;0;0;354.3; -3.3; -0.7;0;0;1024;1024;1024;1024;0;0;0;0;0;0;0;24;;;;;;;0;32;56.407.919.784.056;39.270.670.548;0;;
1905480;21/03/2025 08:46;-13.025.732;1.194.049.637;0.09536089544;;;52.576.213.624.696;0;0.3802798;17.174.869.316;79.122.049.776;29;0;137.888;65.718.451.578.056;132.375.988.488;34.001.488;37.690.618.004;0;0;0;354.6; -4.1;-1;0;0;1024;1024;1024;1024;0;0;0;0;0;0;0;24;;;;;;;0;32;52.576.213.624.696;0.09536089544;0;;
1905680;21/03/2025 08:46;-13.025.727;1.194.049.638;6.935.203.634;;;59.416.056.363.256;0;0.559235;15.314.797.078;79.308.073.404;29;0;137.888;65.718.451.578.056;132.375.988.488;34.001.488;37.690.618.004;0;0;0;355; -2.7; -0.5;0;0;1024;1024;1024;1024;0;0;0;0;0;0;0;24;;;;;;;0;32;59.416.056.363.256;6.935.203.634;0;;
1905880;21/03/2025 08:46;-13.025.725;1.194.049.639;146.506.566.368;;;53.945.918.392.936;0;0.4697574;14.525.262.932;7.938.976.632;29;0;137.888;65.718.451.578.056;132.375.988.488;34.001.488;37.690.618.004;0;0;0;355.8; -0.5;-1;0;0;1024;1024;1024;1024;0;0;0;0;0;0;0;24;;;;;;;0;32;53.945.918.392.936;146.506.566.368;0;;
1906070;21/03/2025 08:46;-13.025.719;1.194.049.641;3.103.510.598;;;55.584.363.327.256;0;0.7158208;122.373.035.412;79.620.409.372;29;0;137.888;65.718.451.578.056;132.375.988.488;34.001.488;37.690.618.004;0;0;0;356.6; 1.1; -1.5;0;0;1024;1024;1024;1024;0;0;0;0;0;0;0;24;;;;;;;0;32;55.584.363.327.256;3.103.510.598;0;;
1906290;21/03/2025 08:46;-13.025.715;1.194.049.641;146.506.566.368;;;53.945.918.392.936;0;0.6487126;108.045.935.216;79.766.406.752;29;0;140.101;65.718.451.578.056;132.375.988.488;34.001.488;37.690.618.004;0;0;0;358.8; -0.7; -1.2;0;0;1024;1024;1024;1024;0;0;0;0;0;0;0;25;;;;;;;0;32;53.945.918.392.936;146.506.566.368;0;;
1906480;21/03/2025 08:46;-13.025.711;1.194.049.643;42.044.620.768;;;56.685.314.806.056;0;0.5368656;0.923720502;79.929.792.584;29;0;140.101;65.718.451.578.056;132.375.988.488;34.001.488;37.690.618.004;0;0;0;0.9; -1.4; -1.2;0;0;1024;1024;1024;1024;0;0;0;0;0;0;0;25;;;;;;;0;32;56.685.314.806.056;42.044.620.768;0;;
1906680;21/03/2025 08:46;-13.025.707;1.194.049.643;42.044.620.768;;;56.685.314.806.056;0;0.3802798;0.77995081236;8.007.546.188;29;0;140.101;65.718.451.578.056;132.375.988.488;34.001.488;37.690.618.004;0;0;0;2.6; 0.1; -0.4;0;0;1024;1024;1024;1024;0;0;0;0;0;0;0;25;;;;;;;0;32;56.685.314.806.056;42.044.620.768;0;;
1906880;21/03/2025 08:46;-13.025.705;1.194.049.645;0.64150920688;;;53.122.361.936.136;0;0.4697574;0.69704070472;8.017.880.834;29;0;140.101;65.718.451.578.056;132.375.988.488;34.001.488;37.690.618.004;0;0;0;2.7; 0.2; -1.2;0;0;1024;1024;1024;1024;0;0;0;0;0;0;0;25;;;;;;;0;32;53.122.361.936.136;0.64150920688;0;;
1907080;21/03/2025 08:46;-13.025.701;1.194.049.647;36.496.720.328;;;56.130.524.762.056;0;0.5144962;0.54727363956;80.341.866.088;28;0;140.101;65.718.451.578.056;132.375.988.488;34.001.488;37.690.618.004;0;0;0;1.4; -0.7; -1.7;0;0;1024;1024;1024;1024;0;0;0;0;0;0;0;25;;;;;;;0;32;56.130.524.762.056;36.496.720.328;0;;
1907280;21/03/2025 08:46;-13.025.699;1.194.049.648;255.736.228.656;;;55.038.215.015.816;0;0.447388;0.4757053958;80.423.559.004;28;0;141.394;65.718.451.578.056;132.375.988.488;34.001.488;37.690.618.004;0;0;0;0; -0.2; -1.6;0;0;1024;1024;1024;1024;0;0;0;0;0;0;0;26;;;;;;;0;32;55.038.215.015.816;255.736.228.656;0;;
1907490;21/03/2025 08:46;-13.025.695;1.194.049.649;8.859.744.378;;;61.340.597.107.256;0;0.5368656;0.33637140184;80.573.821.476;28;0;141.394;65.718.451.578.056;132.375.988.488;34.001.488;37.690.618.004;0;0;0;355.8; -0.7; -1.4;0;0;1024;1024;1024;1024;0;0;0;0;0;0;0;26;;;;;;;0;32;61.340.597.107.256;8.859.744.378;0;;
1907680;21/03/2025 08:46;-13.025.692;1.194.049.652;0.09536089544;;;52.576.213.624.696;0;0.4026492;0.28492619022;80.728.677.124;28;0;141.394;65.718.451.578.056;132.375.988.488;34.001.488;37.690.618.004;0;0;0;355.3; -5.7; -0.8;0;0;1024;1024;1024;1024;0;0;0;0;0;0;0;26;;;;;;;0;32;52.576.213.624.696;0.09536089544;0;;
1907880;21/03/2025 08:46;-1.302.569;1.194.049.653;146.506.566.368;;;53.945.918.392.936;0;0.4921268;0.2630495491;8.081.037.004;28;0;141.394;65.718.451.578.056;132.375.988.488;34.001.488;37.690.618.004;0;0;0;355.4; -7.6; -1.5;0;0;1024;1024;1024;1024;0;0;0;0;0;0;0;26;;;;;;;0;32;53.945.918.392.936;146.506.566.368;0;;[vehicle_magnetometer] 1 (396809) EST:0 offset: [-0.164, -0.030, -0.083]->[-0.157, -0.036, -0.085] (full [-0.155, -0.038, -0.1
1908080;21/03/2025 08:46;-1.302.569;1.194.049.651;146.506.566.368;;;53.945.918.392.936;0;0.2684328;0.20636319558;80.883.204.688;28;0;141.394;65.718.451.578.056;132.375.988.488;34.001.488;37.690.618.004;0;0;0;355.7; -4.6;-2;0;0;1024;1024;1024;1024;0;0;0;0;0;0;0;26;;;;;;;0;32;53.945.918.392.936;146.506.566.368;0;;[health_and_arming_checks] Preflight Fail: Yaw estimate error
1908280;21/03/2025 08:46;-13.025.692;1.194.049.652;0.91892063308;;;53.399.773.362.336;0;0.335541;0.28492619022;80.964.897.604;28;0;149.346;65.718.451.578.056;132.375.988.488;34.001.488;37.690.618.004;0;0;0;353.9; -3.1; -2.6;0;0;1024;1024;1024;1024;0;0;0;0;0;0;0;35;;;;;;;0;32;53.399.773.362.336;0.91892063308;0;;
1908480;21/03/2025 08:46;-13.025.692;1.194.049.652;0.36409778068;;;52.844.950.509.936;0;0.2908022;0.28492619022;80.964.897.604;28;0;149.346;65.718.451.578.056;132.375.988.488;34.001.488;37.690.618.004;0;0;0;351.5; -3.7; -2.5;0;0;1024;1024;1024;1024;0;0;0;0;0;0;0;35;;;;;;;0;32;52.844.950.509.936;0.36409778068;0;;
1908670;21/03/2025 08:46;-13.025.693;1.194.049.652;-0.45079397768;;;52.030.058.751.576;0;0.111847;0.313827765948;81.001.314.928;28;0;149.346;65.718.451.578.056;132.375.988.488;34.001.488;37.690.618.004;0;0;0;350.4; -3.5; -2.5;0;0;1024;1024;1024;1024;0;0;0;0;0;0;0;35;;;;;;;0;32;52.030.058.751.576;-0.45079397768;0;;
